{"type": "FeatureCollection", "features": [{"type": "Feature", "geometry": {"type": "LineString", "coordinates": [[10.5551481, 53.8247318], [10.5547275, 53.8250962], [10.5544732, 53.8255284], [10.5543793, 53.8260692], [10.5545, 53.8266392], [10.5546519, 53.8270888], [10.5554372, 53.8278791], [10.5566496, 53.8284936], [10.5577085, 53.8287728], [10.5587352, 53.8288067], [10.5598457, 53.8289834], [10.5612013, 53.8290302], [10.5620784, 53.8291268], [10.5634254, 53.8297518], [10.5646307, 53.8304306], [10.564738, 53.8309492], [10.5644821, 53.8337039], [10.5645562, 53.8341184], [10.5648667, 53.8345173], [10.5650079, 53.8346987], [10.5655915, 53.8350897], [10.5663232, 53.8353872], [10.5687045, 53.8355778], [10.5697908, 53.8357608], [10.5713695, 53.8362369], [10.5728394, 53.8364961], [10.5742132, 53.8366357], [10.576683, 53.8366876], [10.5782505, 53.8366373], [10.5790781, 53.8366026], [10.5799166, 53.8365674], [10.5807043, 53.8365188], [10.5829972, 53.8363405], [10.5841891, 53.836238], [10.5861753, 53.8360634], [10.586627, 53.8361204], [10.5870583, 53.8362717], [10.5908273, 53.8383878], [10.591419, 53.8386347], [10.5920762, 53.8387572], [10.5928867, 53.8387606], [10.5930128, 53.8387488], [10.593766, 53.838678], [10.5972126, 53.8380782], [10.5981133, 53.8380212], [10.5991105, 53.8380776], [10.6001386, 53.838309], [10.6006733, 53.8384489], [10.6034007, 53.8391622], [10.6045589, 53.8393574], [10.6054746, 53.8395499], [10.6076466, 53.8402733], [10.6085686, 53.8405549], [10.6092089, 53.8409093], [10.6094404, 53.8410906], [10.6102919, 53.8419713], [10.6106438, 53.8422389], [10.6109543, 53.8423694], [10.6112727, 53.8424652], [10.6116572, 53.8425331], [10.6121125, 53.8425803], [10.6130493, 53.8426011], [10.6143198, 53.8426799], [10.6148661, 53.8428702], [10.615297, 53.8431696], [10.6164211, 53.844299], [10.6167119, 53.8445804], [10.6173661, 53.8452892], [10.6188221, 53.846018], [10.6201409, 53.8468525], [10.620984, 53.8472253], [10.6229193, 53.8477055], [10.6256287, 53.8480996], [10.6275486, 53.8484648], [10.6281204, 53.8488597], [10.6283325, 53.8492977], [10.6284666, 53.849734], [10.6288579, 53.8499298], [10.629082, 53.8499516], [10.6297881, 53.8500202], [10.6311122, 53.8496214], [10.6332284, 53.8487024], [10.6344602, 53.8480572], [10.6357904, 53.8478263], [10.6366673, 53.847772], [10.6374646, 53.8476916], [10.6381103, 53.8476011], [10.6387395, 53.8474805], [10.6396864, 53.847223], [10.6401555, 53.8471454], [10.6406784, 53.8471248], [10.6417594, 53.8471379], [10.6429731, 53.8473496], [10.6443289, 53.8474908], [10.6451835, 53.8475667], [10.645918, 53.8478742], [10.6466077, 53.8483572], [10.6472021, 53.8484015], [10.6477141, 53.8481095], [10.6478473, 53.8475769], [10.6480125, 53.8471838], [10.6485738, 53.8467556], [10.649216, 53.8465716], [10.650395, 53.8463592], [10.6517623, 53.8459583], [10.6525172, 53.8455124]]}, "properties": {"name": "Trave", "osm_way_id": 4312321, "source": "OpenStreetMap contributors, ODbL 1.0; https://overpass-api.de/api/interpreter"}}, {"type": "Feature", "geometry": {"type": "LineString", "coordinates": [[11.8382628, 53.7844663], [11.838192, 53.7846947], [11.8379412, 53.7852816], [11.8376386, 53.7866141], [11.8379548, 53.786876], [11.8382373, 53.7870696], [11.8384717, 53.7873913], [11.8389432, 53.7879599], [11.8396367, 53.7881259], [11.8406987, 53.7886834], [11.8423091, 53.7893722], [11.8438444, 53.7901535], [11.8442047, 53.7903581], [11.8447636, 53.7907282], [11.8460334, 53.7910356], [11.8474188, 53.7912314], [11.8489047, 53.7912577], [11.849314, 53.791398], [11.8498043, 53.7918099], [11.8507667, 53.7925741], [11.8513758, 53.7930019], [11.8515043, 53.7932752], [11.8514206, 53.7938013], [11.8516314, 53.794119], [11.8518844, 53.7942054], [11.8530514, 53.7940867], [11.8544416, 53.7938867], [11.8553584, 53.7939301], [11.8560968, 53.7938861], [11.8566162, 53.7941931], [11.8572887, 53.7945401], [11.85833, 53.7950374], [11.8592596, 53.79539], [11.8605769, 53.7956613], [11.8610967, 53.7957068], [11.8615911, 53.7956415], [11.8622441, 53.7954514], [11.8630783, 53.7949335], [11.8633926, 53.7949021], [11.864252, 53.7950954], [11.8660238, 53.7950315], [11.8666417, 53.7949532], [11.8672058, 53.7949057], [11.8676728, 53.7948664], [11.8677107, 53.7942347], [11.867648, 53.7938646], [11.8680027, 53.793418], [11.868272, 53.7929871], [11.8683121, 53.7925791], [11.8686774, 53.7924518], [11.8696435, 53.7923822], [11.8703936, 53.7922566], [11.871017, 53.7919591], [11.8714436, 53.792049], [11.8721997, 53.7922741], [11.8726145, 53.7922608], [11.8730479, 53.7918843], [11.8742678, 53.7914274], [11.8743702, 53.7913925], [11.8746058, 53.7913123], [11.8753776, 53.7909955], [11.8758472, 53.7908863], [11.8766115, 53.7909073], [11.8774178, 53.7907571], [11.8785005, 53.7911191], [11.8787425, 53.7912126], [11.8794446, 53.7914838], [11.8805416, 53.7915653], [11.8809193, 53.7916896], [11.8809976, 53.791784], [11.8812205, 53.7920528], [11.8815377, 53.7923153], [11.8822234, 53.7930097], [11.8822953, 53.7935069], [11.8820944, 53.7940754], [11.8819684, 53.7945828], [11.882184, 53.7947558], [11.8828033, 53.7948698], [11.8837064, 53.7949189], [11.8847734, 53.7948484], [11.8857173, 53.7949886], [11.8863331, 53.795052], [11.88682, 53.7949], [11.8882104, 53.7946535], [11.8886918, 53.7946844], [11.8890486, 53.7948549], [11.8891079, 53.7950214], [11.8890006, 53.7951481], [11.8890677, 53.7955325], [11.8892538, 53.7956101], [11.8897248, 53.7955923], [11.8901266, 53.7955917], [11.8906796, 53.795698], [11.8910976, 53.795611], [11.891626, 53.7952109], [11.8918915, 53.7951117], [11.8920857, 53.7951595], [11.8923856, 53.7953553], [11.8927766, 53.7956617], [11.8930728, 53.7956646], [11.8934982, 53.7955195], [11.8941194, 53.7954114], [11.895329, 53.7953677], [11.8955951, 53.7954856], [11.8955966, 53.7957134], [11.8957506, 53.7961816], [11.896088, 53.7965054], [11.896908, 53.7969659], [11.8979269, 53.7973457], [11.8988697, 53.7976113], [11.8991642, 53.7976942], [11.899639, 53.7976997], [11.9005067, 53.7973544], [11.9008935, 53.7973236], [11.9015498, 53.7975637], [11.9025913, 53.7981492], [11.9032551, 53.7984969], [11.9036175, 53.7985447], [11.9044297, 53.7982067], [11.9048355, 53.7982135], [11.9053921, 53.7984605], [11.9061476, 53.7986979], [11.9070312, 53.7988899], [11.9080147, 53.7991314], [11.9083436, 53.7990878], [11.9088172, 53.7986683], [11.9094655, 53.7981826], [11.9098451, 53.7980082], [11.9103279, 53.7980958], [11.9108168, 53.7981188], [11.9112355, 53.7981617], [11.9120128, 53.7984641], [11.9125729, 53.7986388], [11.9129403, 53.7988126], [11.9132582, 53.7994179], [11.9138094, 53.7999542], [11.9147688, 53.8007139], [11.9161338, 53.8015112], [11.9162872, 53.8016008], [11.9165729, 53.8019413], [11.9168824, 53.8022725], [11.9173274, 53.8025782], [11.9188031, 53.8031918], [11.9191915, 53.8033791], [11.9200021, 53.8037504], [11.9202856, 53.8037973], [11.9208507, 53.8037117], [11.9223571, 53.8033731], [11.9232063, 53.8034029], [11.9236794, 53.8035724], [11.9237433, 53.8038369], [11.9236741, 53.8041116], [11.923651, 53.805163], [11.9240104, 53.8057754], [11.9245115, 53.8063795], [11.924821, 53.8064311], [11.9252952, 53.8062762], [11.9262082, 53.8059743], [11.9268391, 53.8055996], [11.9278202, 53.8052086], [11.9281711, 53.805285], [11.9286265, 53.8054586], [11.9297112, 53.8061029], [11.9300481, 53.8064346], [11.9301312, 53.8067393], [11.9302723, 53.8072221], [11.9305502, 53.8075053], [11.9306972, 53.8078201], [11.9306285, 53.8081806], [11.930186, 53.808735], [11.9294548, 53.8095354], [11.9287848, 53.8104958], [11.9288105, 53.810701], [11.9292343, 53.8109747], [11.9298131, 53.8110564], [11.9314069, 53.8108353], [11.9326949, 53.8106884], [11.9333472, 53.8106117], [11.9344571, 53.8096209], [11.9349163, 53.8094461], [11.9356469, 53.8096611], [11.9364709, 53.8101673], [11.9366533, 53.8106323], [11.9365825, 53.8110666], [11.9360283, 53.8113906], [11.9351829, 53.8119088], [11.934692, 53.8122633], [11.9343069, 53.8126556], [11.934456, 53.8129318], [11.9349238, 53.8133385], [11.9355509, 53.813583], [11.9360375, 53.8137429], [11.9364103, 53.8136615], [11.938026, 53.8136945], [11.9397239, 53.8138212], [11.9406932, 53.8129546], [11.941213, 53.8128533], [11.9417227, 53.8129844], [11.9427376, 53.8137832], [11.9434231, 53.8144014], [11.9448476, 53.8153925], [11.9449636, 53.8156099], [11.9449774, 53.8159903], [11.9449799, 53.8160606], [11.945132, 53.8162825], [11.9457819, 53.816891], [11.9463232, 53.8173661], [11.9465926, 53.8175597], [11.9469321, 53.817671], [11.9474676, 53.8178042], [11.94794, 53.8181429], [11.9482407, 53.8182544], [11.9485253, 53.8182769], [11.9490161, 53.8182028], [11.9499644, 53.8179983], [11.9509041, 53.8178412], [11.9512737, 53.817818], [11.9515754, 53.8178785], [11.9521809, 53.8185711], [11.9522586, 53.8187469], [11.9522622, 53.8188954], [11.9522444, 53.8193757], [11.9523533, 53.8196503], [11.952944, 53.820549], [11.9530319, 53.8211681], [11.9530588, 53.8217409], [11.953187, 53.8223962], [11.9533221, 53.8228262], [11.9535421, 53.8230385], [11.9537843, 53.8231227], [11.9540611, 53.8231153], [11.9542638, 53.8230648], [11.9550006, 53.8226894], [11.9563547, 53.8219471], [11.9568774, 53.8216555], [11.9572465, 53.8214085], [11.9583887, 53.8201723], [11.9588148, 53.8197152], [11.9590473, 53.8196019], [11.9593638, 53.8195623], [11.9598608, 53.8195797], [11.9609616, 53.8198213], [11.9617759, 53.8201168], [11.9626508, 53.8203876], [11.9632882, 53.8206811], [11.9643001, 53.8209815], [11.9644707, 53.821019], [11.964682, 53.8210255], [11.9665349, 53.8209365], [11.9668091, 53.8209656], [11.9673238, 53.8211134], [11.9679954, 53.8214648], [11.9682366, 53.8216615], [11.9682689, 53.8217904], [11.9679603, 53.8222746], [11.967886, 53.822513], [11.9679369, 53.8229563], [11.968428, 53.824237], [11.968427, 53.8245006], [11.9683458, 53.8247273], [11.968089, 53.8250294], [11.9674558, 53.8255905], [11.9672833, 53.8258177], [11.9672503, 53.826015], [11.967292, 53.8261423], [11.967459, 53.8263409], [11.9677288, 53.8265058], [11.9694144, 53.8271327], [11.9698146, 53.8273378], [11.9700551, 53.8275571], [11.9701836, 53.8277135], [11.9701977, 53.8278553], [11.970056, 53.8280994], [11.9693871, 53.828797], [11.9685487, 53.8295822], [11.9683218, 53.829845], [11.9682261, 53.8299559], [11.9677838, 53.8303483], [11.9668172, 53.8308789], [11.9665816, 53.8311005], [11.9663251, 53.8314412], [11.9662512, 53.8316327], [11.966296, 53.831776], [11.9664155, 53.8319361], [11.9666998, 53.83212], [11.9672778, 53.8323208], [11.9680497, 53.8324348], [11.9701198, 53.8326878], [11.9719495, 53.8328157], [11.9730262, 53.833015], [11.974285, 53.8337804], [11.974653, 53.8339346], [11.9749653, 53.8339982], [11.9754036, 53.8340111], [11.975871, 53.8340127], [11.9761904, 53.8340524], [11.9766629, 53.8342292], [11.9767728, 53.8343962], [11.9767485, 53.8349395], [11.9766963, 53.8353822], [11.976529, 53.8356876], [11.9760901, 53.8360849], [11.9757599, 53.8365715], [11.9754015, 53.8371814], [11.9754329, 53.83734], [11.9755964, 53.8374979], [11.9758684, 53.8376298], [11.9769929, 53.8379695], [11.9783883, 53.8383227], [11.9789933, 53.8383873], [11.9795582, 53.8383208], [11.9799507, 53.8381681], [11.9801957, 53.8379315], [11.9806435, 53.8374722], [11.9810993, 53.8371732], [11.9816835, 53.8369601], [11.9824063, 53.8368341], [11.9828469, 53.8368067], [11.9833265, 53.8368369], [11.9836554, 53.8369304], [11.9839494, 53.8370629], [11.9846155, 53.8374449], [11.9848774, 53.8377611], [11.9850446, 53.8381434], [11.9851218, 53.8385402], [11.9851157, 53.8390746], [11.9849871, 53.8395313], [11.9847229, 53.839944], [11.9844555, 53.8404945], [11.9844586, 53.8409073], [11.9845285, 53.8411196], [11.9847673, 53.8413617], [11.985294, 53.8416593], [11.985716, 53.8418535], [11.9862864, 53.8419335], [11.9875638, 53.8419084], [11.9901525, 53.8417179], [11.9916728, 53.8418848], [11.9926419, 53.8420033], [11.9937556, 53.8422849], [11.9941666, 53.8424067], [11.9951007, 53.8428066], [11.9956351, 53.843038], [11.9963239, 53.8433621], [11.9975708, 53.8440287], [11.9981729, 53.8446463], [11.9989362, 53.845973], [11.9991696, 53.8466711], [11.9992897, 53.8473673], [11.9992132, 53.8476929], [11.9990691, 53.8479494], [11.9984825, 53.8485761], [11.9974486, 53.8493077], [11.996848, 53.8497327], [11.9965674, 53.849866], [11.9962062, 53.8500886], [11.9957888, 53.8505019], [11.9956053, 53.8506837], [11.9955407, 53.8509067], [11.9955573, 53.851637], [11.9955467, 53.8520905], [11.9957129, 53.8523095], [11.9961449, 53.8528717], [11.9968486, 53.8539256], [11.9974748, 53.8545094], [11.997831, 53.8546888], [11.9982269, 53.8548106], [11.9993433, 53.8549362], [12.000041, 53.8550751], [12.0004684, 53.8552958], [12.0007699, 53.8556154], [12.0009485, 53.8559785], [12.0009894, 53.8562438], [12.0009318, 53.856462], [12.0005808, 53.8573449], [12.0006837, 53.8579112], [12.0008263, 53.8581079], [12.00101, 53.8583612], [12.0017911, 53.8586411], [12.0026787, 53.8587574], [12.003889, 53.8587766], [12.0053474, 53.8586456], [12.0059431, 53.8586965], [12.0066804, 53.8588955], [12.0071635, 53.8591505], [12.0074195, 53.8594124], [12.0075443, 53.8597015], [12.0076982, 53.8605837], [12.0077186, 53.8609444], [12.0079061, 53.8615804], [12.0084272, 53.8625331], [12.0093028, 53.8630983], [12.0098558, 53.8633737], [12.0101697, 53.8640067], [12.0106278, 53.8651099], [12.0116949, 53.8664755], [12.0122986, 53.866998], [12.0141987, 53.8673848], [12.016539, 53.8693662], [12.0169216, 53.8695643], [12.0181783, 53.8700572], [12.0193175, 53.8705223], [12.0194547, 53.8705853], [12.0197172, 53.870706], [12.0199696, 53.870934], [12.02063, 53.872026], [12.0210716, 53.8727175], [12.021736, 53.8736017], [12.0224777, 53.8743354], [12.0230198, 53.8747059], [12.0235044, 53.8749571], [12.0254595, 53.8758444], [12.0271816, 53.8765976], [12.0286843, 53.8772548], [12.0319735, 53.8787282], [12.0351979, 53.8802151], [12.0378976, 53.8814291], [12.038976, 53.8818982], [12.0399716, 53.8823536], [12.0411508, 53.8828035], [12.042059, 53.8831106], [12.0426212, 53.8832368], [12.0432087, 53.8833259], [12.0439023, 53.8833659], [12.0446516, 53.8833766], [12.0454093, 53.8833074], [12.0474929, 53.8827914], [12.0476405, 53.8827549], [12.0481125, 53.8827043], [12.0498935, 53.8825842], [12.0515676, 53.8824873], [12.053128, 53.8824246], [12.0548973, 53.8823163], [12.0553363, 53.8823681], [12.05557, 53.8824734], [12.0559253, 53.8827163], [12.0566901, 53.8834026], [12.0571093, 53.8840312], [12.0571091, 53.8842493], [12.0568409, 53.8849424], [12.0566066, 53.8860662], [12.0565964, 53.8862982], [12.0568252, 53.8870061], [12.0569378, 53.8873725], [12.0573297, 53.8879339], [12.0578795, 53.888383], [12.0585452, 53.8888368], [12.0597689, 53.8893238], [12.0608207, 53.8895516], [12.0618441, 53.889677], [12.062784, 53.8897402], [12.0640771, 53.8897134], [12.0653997, 53.8895592], [12.0661597, 53.8895952], [12.0673194, 53.8898028], [12.069741, 53.8901786], [12.0716327, 53.8904304], [12.0733096, 53.8906537], [12.0754798, 53.8913376], [12.0759955, 53.891514], [12.0771442, 53.8918909], [12.0778743, 53.8924036], [12.0786526, 53.892782], [12.0798383, 53.8934778], [12.0801507, 53.8938949], [12.0802189, 53.894021], [12.0803273, 53.8942216], [12.0803142, 53.8945307], [12.08017, 53.8948585], [12.0797995, 53.8953578], [12.0796322, 53.8956923], [12.0796681, 53.8959638], [12.079918, 53.896187], [12.0822455, 53.8974893], [12.0825284, 53.8975943], [12.0828927, 53.8976328], [12.0833796, 53.8975899], [12.0852045, 53.8970202], [12.0862139, 53.8968786], [12.0866764, 53.896774], [12.087008, 53.8966227], [12.0872576, 53.8964579], [12.0878454, 53.8959435], [12.087939, 53.8958761], [12.0880964, 53.8958409], [12.0883814, 53.8958217], [12.0891495, 53.8958331], [12.0894884, 53.8957969], [12.0897901, 53.8956931], [12.0898263, 53.8956807], [12.0905021, 53.895377], [12.0908758, 53.8952381], [12.0915024, 53.8951972], [12.0925785, 53.8952953], [12.0933667, 53.8953742], [12.0944386, 53.895363], [12.094763, 53.8954032], [12.0950331, 53.8954914], [12.0953648, 53.8956675], [12.0956163, 53.8959268], [12.096053, 53.8965231], [12.0970246, 53.8975244], [12.097131, 53.8981963], [12.0969062, 53.8986266], [12.0967942, 53.8988273], [12.0968006, 53.8990947], [12.0969857, 53.8993337], [12.0972552, 53.8996553], [12.0980109, 53.9003853], [12.0982142, 53.9007429], [12.0984319, 53.9015075], [12.0985269, 53.9032681], [12.0983148, 53.9036921], [12.0972286, 53.9045513], [12.097073, 53.905491], [12.0966849, 53.9063458], [12.0965784, 53.9065884], [12.0965812, 53.9068089], [12.0966758, 53.906957], [12.0971266, 53.9073129], [12.0979339, 53.9080209], [12.0981237, 53.9081417], [12.0983376, 53.9082297], [12.099276, 53.9084445], [12.1001212, 53.9085671], [12.1011348, 53.9086331], [12.1015901, 53.9086982], [12.1030668, 53.9090472], [12.1056165, 53.9096877], [12.1059442, 53.9098332], [12.1061448, 53.9099604], [12.1065082, 53.9102565], [12.106724, 53.9104976], [12.106865, 53.9107078], [12.1069362, 53.9110097], [12.1073306, 53.9131106], [12.1069299, 53.9148863], [12.106525, 53.9165722], [12.1059974, 53.9183413], [12.1057771, 53.919299], [12.105794, 53.9199816], [12.1059265, 53.9207475], [12.1058677, 53.9212298], [12.1057085, 53.9216812], [12.1054035, 53.9223389], [12.1049305, 53.9227504], [12.1030294, 53.9241496], [12.1007293, 53.9255178], [12.1003374, 53.9259859], [12.1002495, 53.9262969], [12.1003093, 53.9266473], [12.1005463, 53.9272474], [12.1008149, 53.9276934], [12.1027992, 53.9291018], [12.1034725, 53.9293805], [12.104267, 53.9296091], [12.1049256, 53.9297242], [12.1057536, 53.9296935], [12.1094753, 53.9292349], [12.1108651, 53.9291674], [12.1111718, 53.9292193], [12.1113927, 53.9293415], [12.1131093, 53.9303934], [12.1138028, 53.9308721], [12.1143277, 53.9314272], [12.1146623, 53.9323081], [12.1147552, 53.9328825], [12.1146414, 53.9335022], [12.1144687, 53.9339219], [12.1142132, 53.9342638], [12.1138975, 53.9345676], [12.1132363, 53.9351009], [12.1106317, 53.9384966], [12.1104297, 53.9388125], [12.1102069, 53.9392029], [12.1100876, 53.9394432], [12.1100823, 53.9395284], [12.110089, 53.9396437], [12.1101165, 53.9397768], [12.1108037, 53.9416935], [12.1110776, 53.9422471], [12.1117197, 53.9425706], [12.1130413, 53.9428278], [12.1141129, 53.9432376], [12.1157922, 53.9443096], [12.1174198, 53.9444266], [12.118443, 53.9452189], [12.1196174, 53.9465481], [12.1208877, 53.9484267], [12.1210748, 53.9494057], [12.1208145, 53.9502816], [12.1207826, 53.9508631], [12.1215078, 53.9515996], [12.1215683, 53.9518935], [12.1215025, 53.9521862], [12.1212953, 53.9524894], [12.1208338, 53.9528336], [12.1194659, 53.9536783], [12.1183591, 53.9545542], [12.1171005, 53.9551518], [12.1157107, 53.9556606], [12.1135091, 53.956239], [12.1123493, 53.9564274], [12.1113505, 53.9564054], [12.1103611, 53.9564487], [12.1097763, 53.956605], [12.1092484, 53.9570044], [12.1087593, 53.9573321], [12.1083069, 53.9577613], [12.1082268, 53.9579665], [12.1082304, 53.9581525], [12.1083029, 53.9583732], [12.1084212, 53.9585146], [12.1093564, 53.9597153], [12.1096822, 53.9598959], [12.1100496, 53.960027], [12.1111029, 53.9601815], [12.112418, 53.9605302], [12.1163044, 53.9620191], [12.1170609, 53.9622484], [12.1178192, 53.9624082], [12.1182978, 53.9624586], [12.1187879, 53.9624838], [12.1200698, 53.962445], [12.1206915, 53.9624808], [12.1213096, 53.9626007], [12.1219384, 53.9627571], [12.1225957, 53.9629987], [12.1242225, 53.9637847], [12.1245879, 53.9638896], [12.1250065, 53.9639834], [12.1256271, 53.9641178], [12.1262413, 53.9643331], [12.1267605, 53.9645802], [12.1272102, 53.9648566], [12.1276171, 53.9652884], [12.1278806, 53.9656176], [12.1283345, 53.9665048], [12.1286847, 53.9676771], [12.1286074, 53.9680536], [12.1282505, 53.9685401], [12.127124, 53.9691141], [12.1263059, 53.9696567], [12.1255489, 53.9702963], [12.1251144, 53.9709208], [12.1248706, 53.9715546], [12.1248181, 53.9721565], [12.1249381, 53.9727157], [12.1250369, 53.9732621], [12.125516, 53.9743305], [12.1257778, 53.9751227], [12.1263127, 53.975646], [12.1265284, 53.9762211], [12.1266406, 53.9769438], [12.127932, 53.9785077], [12.1284301, 53.9805034], [12.1282642, 53.9810552], [12.1278103, 53.9815872], [12.1272578, 53.9820236], [12.1259851, 53.9827015], [12.125746, 53.9830228], [12.1256647, 53.9834442], [12.1258874, 53.9845083], [12.1258725, 53.9853648], [12.1257837, 53.9860713], [12.1253599, 53.9868976], [12.1253459, 53.9869248], [12.1250039, 53.9877877], [12.1246047, 53.9890554], [12.1239559, 53.9896266], [12.1216669, 53.9909501], [12.1205624, 53.9915663], [12.1196369, 53.9925932], [12.1183464, 53.9946204], [12.1182215, 53.9949376], [12.1183526, 53.9954602], [12.1185523, 53.995634], [12.1200376, 53.996927], [12.1206849, 53.997722], [12.1215531, 53.9987883], [12.1225514, 53.9996842], [12.1236492, 54.0005278], [12.123626, 54.0009364], [12.1234999, 54.0017396], [12.1236086, 54.0020122], [12.1238352, 54.0025802], [12.1240659, 54.0031584], [12.1242101, 54.0035198], [12.1245902, 54.0044728], [12.1244084, 54.0051027], [12.1234967, 54.0062188], [12.1222658, 54.0074575], [12.1217567, 54.008133], [12.1216512, 54.0085828], [12.1217113, 54.008974], [12.1220472, 54.0097849], [12.1228999, 54.0105225], [12.1241115, 54.0111808], [12.1247071, 54.0113999], [12.1255312, 54.0117031], [12.1268075, 54.0120615], [12.1282197, 54.0123076], [12.1301124, 54.0124196], [12.1307647, 54.0124582], [12.1312644, 54.0124713], [12.1318997, 54.0124879], [12.1328215, 54.0127982], [12.133537, 54.0133227], [12.1342996, 54.0138503], [12.1345276, 54.0142272], [12.1343396, 54.0164883], [12.1342773, 54.0186509], [12.13416, 54.0193226], [12.1338308, 54.0199857], [12.1336068, 54.0205179], [12.1333534, 54.0211589], [12.1332166, 54.0218158], [12.1332874, 54.0221342], [12.1335275, 54.0224886], [12.1339541, 54.0227489], [12.1345129, 54.0229388], [12.1346499, 54.0229799], [12.1350177, 54.0230903], [12.1354904, 54.0231713], [12.136128, 54.0232806], [12.1370281, 54.0234348], [12.1402628, 54.0240312], [12.1406111, 54.0241241], [12.1408979, 54.0242306], [12.141104, 54.024371], [12.1412212, 54.0245051], [12.1412872, 54.0246841], [12.1412131, 54.0252622], [12.1411238, 54.0256531], [12.1410879, 54.0258105], [12.1410605, 54.0260653], [12.1410939, 54.0264726], [12.1412757, 54.0271429], [12.1413268, 54.0274403], [12.1413146, 54.0277341], [12.1410965, 54.0284148], [12.140879, 54.0288316], [12.1408011, 54.0289809], [12.1404068, 54.0295071], [12.1397722, 54.0303172], [12.1396984, 54.0304564], [12.1396064, 54.0306298], [12.1395571, 54.0308395], [12.1395762, 54.0311434], [12.1397011, 54.031375], [12.1399761, 54.0316319], [12.1407885, 54.0319669], [12.1417576, 54.0321468], [12.1431207, 54.0325205], [12.1458937, 54.0330529], [12.1463331, 54.0331656], [12.1467435, 54.0333213], [12.1475382, 54.0336528], [12.149739, 54.0352546], [12.1513704, 54.036579], [12.1519628, 54.03706], [12.1546514, 54.0392425], [12.1562478, 54.040476], [12.1576885, 54.0414709], [12.1580742, 54.041661], [12.158679, 54.0421213], [12.1616449, 54.0442677], [12.1655342, 54.0462725], [12.1662931, 54.0466637], [12.1701638, 54.0482434], [12.1721618, 54.0490588], [12.1724654, 54.0491919], [12.1750171, 54.0504544], [12.1755934, 54.0507571], [12.1769977, 54.0517771], [12.1775655, 54.0524164], [12.1777289, 54.0531872], [12.1774425, 54.0542461], [12.1772264, 54.0546619], [12.1764661, 54.0554641], [12.1761702, 54.0558458], [12.1760461, 54.0563139], [12.175929, 54.057256], [12.1759582, 54.0575465], [12.1762875, 54.0587055], [12.1763528, 54.0607877], [12.1757822, 54.0620956], [12.1746837, 54.0630396], [12.1736294, 54.0635561], [12.1730018, 54.0637778], [12.1723123, 54.0638907], [12.1705583, 54.0640092], [12.1681832, 54.0640264], [12.167092, 54.0643843], [12.166494, 54.0646237], [12.1662019, 54.0650285], [12.1656062, 54.0657335], [12.1649914, 54.0666728], [12.1641936, 54.0674089], [12.1629223, 54.0679275], [12.1618063, 54.0682607], [12.1613971, 54.0683848], [12.1597625, 54.0685737], [12.1582824, 54.0685673], [12.1575946, 54.0689208], [12.1564992, 54.070015], [12.1551721, 54.0707843], [12.154486, 54.0711004], [12.1532724, 54.072051], [12.1528617, 54.0729402], [12.1528194, 54.073588], [12.1527151, 54.0748438], [12.1528391, 54.0752556], [12.1530978, 54.0756909], [12.1537493, 54.0766403], [12.1541637, 54.0771217], [12.1540886, 54.0781065], [12.1540805, 54.0781684]]}, "properties": {"name": "Warnow", "osm_way_id": 4488193, "source": "OpenStreetMap contributors, ODbL 1.0; https://overpass-api.de/api/interpreter"}}, {"type": "Feature", "geometry": {"type": "LineString", "coordinates": [[10.326984, 53.8817844], [10.3268089, 53.8813701], [10.32651, 53.8809613], [10.3260803, 53.8803529], [10.3260687, 53.8802868], [10.3260868, 53.8802253], [10.3261311, 53.8794434], [10.3267151, 53.8789844], [10.3282045, 53.8780089], [10.3285651, 53.8777679], [10.3288145, 53.8773142], [10.3289832, 53.8767389], [10.3284316, 53.8762683], [10.3266866, 53.875274], [10.3261279, 53.8745238], [10.3262934, 53.8743537], [10.3265822, 53.8740571], [10.327919, 53.8734143], [10.3289571, 53.8733044], [10.3296206, 53.8730117], [10.330015, 53.8727104], [10.3301948, 53.8725914]]}, "properties": {"name": "Trave", "osm_way_id": 11179126, "source": "OpenStreetMap contributors, ODbL 1.0; https://overpass-api.de/api/interpreter"}}, {"type": "Feature", "geometry": {"type": "LineString", "coordinates": [[12.1509018, 54.084586], [12.1512867, 54.0848602], [12.1516444, 54.0859056], [12.1517066, 54.0860874], [12.1528543, 54.0872711], [12.1536206, 54.0877826]]}, "properties": {"name": "Warnow", "osm_way_id": 20567385, "source": "OpenStreetMap contributors, ODbL 1.0; https://overpass-api.de/api/interpreter"}}, {"type": "Feature", "geometry": {"type": "LineString", "coordinates": [[11.5796216, 53.6430782], [11.579545, 53.6432353], [11.579279, 53.6436393], [11.5790966, 53.643881], [11.5788553, 53.6441482], [11.5786349, 53.6442575], [11.5783592, 53.6443822], [11.5781213, 53.6444753], [11.5778802, 53.644599], [11.5776591, 53.6447613], [11.5774002, 53.6449489], [11.5773018, 53.6451133], [11.577186, 53.6453068], [11.5771846, 53.6455219], [11.5773996, 53.6458503], [11.5775476, 53.6459763], [11.5776784, 53.6461069], [11.578059, 53.646456], [11.5782861, 53.6467635], [11.5784347, 53.6470737], [11.5787351, 53.6473942], [11.579084, 53.6475869], [11.5793968, 53.6478109], [11.5796827, 53.6480612], [11.5798842, 53.6482581], [11.5800054, 53.648488], [11.5801282, 53.6486862], [11.5801941, 53.6488892], [11.5801819, 53.6490623], [11.580156, 53.6492293], [11.5803148, 53.6495092], [11.5804561, 53.6496888], [11.5805594, 53.6498252], [11.580642, 53.6499587], [11.5807697, 53.650142], [11.5808432, 53.650332], [11.5807941, 53.6505711], [11.5806316, 53.650997], [11.5807797, 53.6511562], [11.5809667, 53.6513013], [11.5811246, 53.6516277], [11.5811461, 53.6519045], [11.5811517, 53.652166], [11.5813253, 53.6524323], [11.5815117, 53.652759], [11.5815519, 53.6532292], [11.5815436, 53.6534281], [11.5815431, 53.653656], [11.5815581, 53.6539344], [11.5815418, 53.6542416], [11.5815479, 53.6544113], [11.5813981, 53.654639], [11.5808095, 53.6549406], [11.5805544, 53.655063], [11.5804431, 53.6551979], [11.5802886, 53.6557524], [11.580086, 53.6560045], [11.5796449, 53.656196], [11.5792072, 53.6561644], [11.5785452, 53.6560397], [11.5773286, 53.6558026], [11.5765807, 53.6558287], [11.576429, 53.6558122], [11.5758683, 53.6557371], [11.5756284, 53.6556023], [11.5753877, 53.6554671], [11.5746182, 53.6551644], [11.5739559, 53.6549782], [11.5731848, 53.6550311], [11.5725261, 53.6551271], [11.5717105, 53.6552492], [11.5713684, 53.6554143], [11.5710613, 53.6556465], [11.570873, 53.6558541], [11.5706849, 53.6560945], [11.5703608, 53.6563733], [11.5702636, 53.6565917], [11.5701839, 53.656836], [11.5702121, 53.6570698], [11.570358, 53.6573292], [11.5704673, 53.6574714], [11.5706906, 53.6577754], [11.5707872, 53.6579243], [11.5708902, 53.6580667], [11.5708915, 53.6583073], [11.5707551, 53.6585091], [11.5704608, 53.6586391], [11.5701002, 53.6587814], [11.5699193, 53.6590569], [11.5696542, 53.6592287], [11.5693088, 53.6593208], [11.569063, 53.6594749], [11.5687427, 53.659502], [11.5683234, 53.6594613], [11.5680559, 53.6595434], [11.5678222, 53.6596751], [11.5676981, 53.6598635], [11.5675542, 53.6598673], [11.5673129, 53.6598315], [11.5671136, 53.6598673], [11.5669694, 53.6600035], [11.5669664, 53.6601033], [11.5670586, 53.6602304], [11.5670006, 53.660378], [11.5668647, 53.6604471], [11.5667175, 53.6605342], [11.5662667, 53.6605337], [11.5660246, 53.6605168], [11.5657861, 53.6606149], [11.5658098, 53.6607337], [11.5659463, 53.6608489], [11.5658001, 53.6611067], [11.5655582, 53.6613698], [11.5653609, 53.6614913], [11.5650966, 53.6615609], [11.564907, 53.6616272], [11.5647672, 53.661754], [11.5647018, 53.662161], [11.5645898, 53.662249], [11.5643584, 53.6622628], [11.5641604, 53.6622894], [11.5640217, 53.6623935], [11.5637319, 53.6624865], [11.5631415, 53.6624753], [11.562428, 53.662489], [11.5619526, 53.6626295], [11.561408, 53.6626278], [11.5610282, 53.6626493], [11.5608127, 53.6627579], [11.5607707, 53.6629239], [11.5607536, 53.6630968], [11.5604961, 53.6635037], [11.5604027, 53.6637931], [11.5604532, 53.6639563], [11.5605257, 53.6643849], [11.5605304, 53.6646378], [11.5607206, 53.6649587], [11.5609168, 53.6651186], [11.5610047, 53.6652099], [11.5608907, 53.66534], [11.5606804, 53.6654468], [11.5605992, 53.6657796], [11.5609328, 53.6659908], [11.5611021, 53.6663163], [11.5611322, 53.6664976], [11.5610615, 53.666592], [11.5610711, 53.6667482], [11.5608784, 53.6670501], [11.5605491, 53.667231], [11.56031, 53.6673813], [11.5602165, 53.6675755], [11.5603416, 53.6676534], [11.5603759, 53.6678772], [11.5605345, 53.6680723], [11.5606853, 53.6681519], [11.560676, 53.6682834], [11.5605183, 53.6683659], [11.5603831, 53.668661], [11.5603735, 53.6688703], [11.5605132, 53.669001], [11.5609328, 53.6692002], [11.5610323, 53.6694312], [11.5610157, 53.6696952], [11.5609151, 53.6698562], [11.5608908, 53.6700804], [11.5605046, 53.6705976], [11.5604417, 53.6706964], [11.5602661, 53.6707755], [11.5602308, 53.6710769], [11.5601396, 53.6714148], [11.560202, 53.6718686], [11.5603539, 53.6720042], [11.5604961, 53.6722756], [11.5604424, 53.6725127], [11.5606334, 53.6727078], [11.5611063, 53.6728482], [11.5614927, 53.6729135], [11.5619365, 53.6730537], [11.5621376, 53.6733393], [11.5621097, 53.6736179], [11.5618033, 53.6737474], [11.5616932, 53.6738947], [11.5611484, 53.6741467], [11.5606248, 53.6741416], [11.5598472, 53.6741166], [11.5597293, 53.6741464], [11.5596378, 53.6743501], [11.5595777, 53.6744975], [11.559578, 53.6747014], [11.559715, 53.6748789], [11.5597871, 53.6749845], [11.5602124, 53.6750859], [11.5607194, 53.6753105], [11.5613544, 53.6753374], [11.5616472, 53.6754067], [11.5622474, 53.6753576], [11.562724, 53.6752807], [11.5630477, 53.6754169], [11.5633535, 53.6754024], [11.5637357, 53.6754305], [11.5641506, 53.6755137], [11.5643366, 53.6755031], [11.5647545, 53.6755263], [11.5651563, 53.6754189], [11.565463, 53.6753877], [11.5655991, 53.675436], [11.5656249, 53.6755215], [11.565927, 53.6755975], [11.5661952, 53.6757268], [11.5664198, 53.67593], [11.56668, 53.676155], [11.5670432, 53.6763877], [11.5672332, 53.6765848], [11.5676629, 53.6768159], [11.5680063, 53.6770854], [11.5686183, 53.6772619], [11.5692114, 53.677441], [11.5699835, 53.6774541], [11.5703927, 53.6774474], [11.5706007, 53.677444], [11.5710618, 53.6774972], [11.5710838, 53.6779022], [11.5705812, 53.6786258], [11.570564, 53.6788546], [11.570255, 53.6794037], [11.5702808, 53.679607], [11.5703927, 53.6798523], [11.5706155, 53.6800696], [11.5709502, 53.6802171], [11.5717891, 53.6803287], [11.5724801, 53.6803182], [11.5732675, 53.6802922], [11.5736233, 53.6802721], [11.5739541, 53.6802271], [11.57432, 53.6803106], [11.5743653, 53.6803896], [11.5745895, 53.6804306], [11.5748384, 53.6804509], [11.5750327, 53.6805293], [11.5752125, 53.6807636], [11.5755786, 53.6809497], [11.575581, 53.6811101], [11.5753484, 53.6812796], [11.5752332, 53.681432], [11.575386, 53.6816164], [11.5755616, 53.6818422], [11.5760572, 53.6820726], [11.5765594, 53.6823069], [11.5768554, 53.6826673], [11.5773618, 53.682769], [11.5778428, 53.6826722], [11.578113, 53.6826569], [11.5788887, 53.6825316], [11.5794211, 53.6827036], [11.5796999, 53.6828383], [11.5798898, 53.6828193], [11.5800517, 53.6827682], [11.5801527, 53.6826764], [11.5802396, 53.6825952], [11.5804455, 53.6825902], [11.5806508, 53.6826265], [11.5808383, 53.6828977], [11.5809176, 53.6829552], [11.5817241, 53.6830885], [11.5821971, 53.6830219], [11.5825407, 53.6830129], [11.5828031, 53.683073], [11.5829511, 53.6830816], [11.5830208, 53.6831297], [11.5830524, 53.6832193], [11.5832477, 53.6834009], [11.5832462, 53.6835492], [11.5833154, 53.6836269], [11.5834901, 53.6837145], [11.5837238, 53.6837903], [11.5840738, 53.6838619], [11.5842456, 53.6838433], [11.5844653, 53.6837355], [11.5846392, 53.6836124], [11.5848673, 53.6834152], [11.5850963, 53.6832392], [11.5853571, 53.6830615], [11.5856857, 53.682743], [11.5860052, 53.6825655], [11.586482, 53.6824464], [11.5873582, 53.6822825], [11.5876463, 53.682299], [11.5879017, 53.682289], [11.5884057, 53.6823294], [11.588872, 53.6823113], [11.589487, 53.6824359], [11.5899263, 53.682432], [11.590263, 53.682479], [11.5905282, 53.6825809], [11.5911892, 53.6830312], [11.5916302, 53.6832932], [11.5919878, 53.6836031], [11.5921418, 53.6837907], [11.5924248, 53.6841507], [11.5930345, 53.6847616], [11.5933544, 53.6850572], [11.5937182, 53.6852399], [11.5943147, 53.6855301], [11.5945291, 53.6856251], [11.5947685, 53.6857312], [11.5954106, 53.6860155], [11.5959031, 53.6862393], [11.5962338, 53.6863662], [11.5965951, 53.686544], [11.59702, 53.6867292], [11.5973705, 53.6868771], [11.5977146, 53.6870324], [11.5981089, 53.6872328], [11.5988568, 53.6876129], [11.599557, 53.6879147], [11.6001498, 53.6881297], [11.6003309, 53.6881954], [11.6009213, 53.6883921], [11.6014252, 53.6885636], [11.6023791, 53.6888866], [11.6028704, 53.6890214], [11.6032826, 53.6890803], [11.6036504, 53.6891698], [11.6041912, 53.6893764], [11.6046067, 53.6896184], [11.6047882, 53.6897242], [11.605371, 53.6900454], [11.6060999, 53.6903697], [11.606799, 53.690578], [11.6072263, 53.6905756], [11.6073474, 53.6905611]]}, "properties": {"name": "Warnow", "osm_way_id": 25317014, "source": "OpenStreetMap contributors, ODbL 1.0; https://overpass-api.de/api/interpreter"}}, {"type": "Feature", "geometry": {"type": "LineString", "coordinates": [[11.6249226, 53.700734], [11.6256425, 53.7012637], [11.6281501, 53.707459], [11.6291221, 53.7090395], [11.6316471, 53.710038], [11.6328595, 53.7102767], [11.6336324, 53.7102509], [11.6354707, 53.7101728], [11.6377349, 53.7099711], [11.6388838, 53.7098322], [11.6392972, 53.7096413], [11.6398165, 53.7093618], [11.640674, 53.7090182], [11.6409948, 53.7089367], [11.6414725, 53.7088813], [11.6427795, 53.7088634], [11.6455173, 53.7088338], [11.6464936, 53.7088044], [11.6469114, 53.7086962], [11.6470858, 53.708651], [11.6496027, 53.7078352], [11.6504388, 53.7075821], [11.6526163, 53.7071947], [11.6530118, 53.7071211], [11.6541712, 53.7068186], [11.6544739, 53.7066559], [11.6548056, 53.7063953], [11.6549741, 53.7060649], [11.655169, 53.7052884], [11.6556137, 53.7046878], [11.6562603, 53.704001], [11.6574256, 53.703096], [11.658503, 53.7024632], [11.6592366, 53.7020502], [11.6602599, 53.7015475], [11.661267, 53.7013657], [11.6620872, 53.7013799], [11.663111, 53.701544], [11.6635711, 53.7016696], [11.6638531, 53.7017807], [11.6642718, 53.7020454], [11.6649469, 53.7023801], [11.6653959, 53.7025292], [11.6654228, 53.7025337], [11.6659254, 53.7026187], [11.6664192, 53.7026181], [11.6667408, 53.702574], [11.6672332, 53.7024844], [11.6693761, 53.7017173], [11.6697331, 53.701627], [11.6704087, 53.7015257], [11.6729032, 53.7015959], [11.6758008, 53.7017653], [11.676794, 53.701846], [11.6778285, 53.7019101], [11.6783486, 53.7019058], [11.6787388, 53.7018293], [11.679838, 53.7014214], [11.6805574, 53.7011351], [11.6809916, 53.7009522], [11.6813532, 53.7006784], [11.6814945, 53.7005169], [11.6815767, 53.7003416], [11.6815998, 53.6998333], [11.6812891, 53.6979611], [11.6813425, 53.6975792], [11.681492, 53.6971685], [11.681663, 53.6969744], [11.6819795, 53.6967868], [11.6824255, 53.6966596], [11.682723, 53.696595], [11.6830092, 53.6965984], [11.6841381, 53.6966726], [11.6847731, 53.6967397], [11.6852644, 53.6967446], [11.6856415, 53.6966941], [11.6859647, 53.6966099], [11.6875099, 53.6961824], [11.6879437, 53.6960897], [11.6883642, 53.6960631], [11.6909606, 53.6960403], [11.6920354, 53.6960695], [11.6930761, 53.6960371], [11.6937243, 53.6959896], [11.6944046, 53.6959053], [11.695317, 53.6957127], [11.6961341, 53.6954853], [11.6964173, 53.6953168], [11.6966659, 53.6950671], [11.6970901, 53.6940466], [11.6973473, 53.6937504], [11.6974681, 53.6936429], [11.6977793, 53.6935584], [11.6982354, 53.6934864], [11.6987274, 53.6935704], [11.6991474, 53.6937384], [11.7013675, 53.6943567], [11.70161, 53.6944706], [11.7018672, 53.6946737], [11.7019525, 53.6948698], [11.7020085, 53.6950388], [11.7019643, 53.6953265], [11.7018093, 53.6955101], [11.7009762, 53.6962315], [11.7004714, 53.696825], [11.700205, 53.6973848], [11.7001956, 53.6975544], [11.7003355, 53.6977468], [11.7007283, 53.6980122], [11.7009386, 53.6981259], [11.701267, 53.6982024], [11.7018267, 53.6982923], [11.7021864, 53.6983127], [11.7024594, 53.6984325], [11.7025857, 53.6985567], [11.7026815, 53.6987655], [11.7028239, 53.6989402], [11.7031404, 53.699214], [11.7036042, 53.6996684], [11.7039952, 53.7000603], [11.7043705, 53.7005585], [11.7044024, 53.7007595], [11.7043734, 53.70093], [11.704293, 53.7010852], [11.7037678, 53.7016111], [11.7036544, 53.7018836], [11.703638, 53.7020605], [11.7037136, 53.7022581], [11.7039118, 53.7025571], [11.7041518, 53.7028592], [11.7045489, 53.7033808], [11.7048436, 53.7036987], [11.7051572, 53.7039565], [11.7056177, 53.7041907], [11.7074891, 53.7048724], [11.7095642, 53.7057154], [11.710295, 53.7061521], [11.7108572, 53.7065033], [11.7112444, 53.7067115], [11.7116764, 53.7068075], [11.7133906, 53.7068905], [11.7150266, 53.7070513], [11.7159727, 53.7072995], [11.7165137, 53.7076554], [11.7169448, 53.7083436], [11.7171489, 53.7085874], [11.7175804, 53.7088418], [11.7179412, 53.7089107], [11.7185943, 53.7089446], [11.719117, 53.7088716], [11.7204491, 53.7086076], [11.7222492, 53.7084156], [11.7230532, 53.7081819], [11.724073, 53.7079642], [11.7251271, 53.7077069], [11.7253215, 53.7076595], [11.7271312, 53.7072458], [11.7276438, 53.707152], [11.7279066, 53.7071131], [11.7281671, 53.7070997], [11.7284632, 53.7071361], [11.728767, 53.7071814], [11.729013, 53.7072473], [11.7292363, 53.7073266], [11.7295334, 53.7075418], [11.7298484, 53.7078034], [11.7299572, 53.7080879], [11.730024, 53.7083905], [11.7300105, 53.7086758], [11.7301099, 53.7092077], [11.7302179, 53.7093637], [11.7306057, 53.7096501], [11.7308298, 53.7099037], [11.7309729, 53.7101774], [11.7312339, 53.7106566], [11.731478, 53.7109358], [11.732006, 53.7113198], [11.7327261, 53.7116678], [11.7337821, 53.7119559], [11.7345301, 53.7122763], [11.7360263, 53.7127839], [11.737604, 53.7134742], [11.7393266, 53.7147401], [11.7400106, 53.7150761], [11.7413997, 53.7161209], [11.7414597, 53.716166], [11.7420932, 53.7165649], [11.7425548, 53.7167082], [11.7429269, 53.7167562], [11.7433584, 53.7167329], [11.744727, 53.7162522], [11.7450369, 53.7162185], [11.7454057, 53.7162961], [11.7459255, 53.7165804], [11.7471459, 53.7175748], [11.7476097, 53.7178303], [11.7478936, 53.7179173], [11.747946, 53.7179333], [11.7481512, 53.7179962], [11.7487941, 53.7181932], [11.7490855, 53.7184298], [11.7493218, 53.7186217], [11.7495224, 53.7191166], [11.7494103, 53.7193737], [11.7495702, 53.7198594], [11.7496142, 53.7200533], [11.7495165, 53.7201349], [11.7493873, 53.7201454], [11.7491426, 53.7201365], [11.7488272, 53.720219], [11.7486918, 53.7203874], [11.748568, 53.7206263], [11.7485478, 53.7208756], [11.7486963, 53.7210116], [11.7492033, 53.7211006], [11.7510609, 53.7211647], [11.7515795, 53.7210886], [11.7519551, 53.7209374], [11.7531157, 53.7206686], [11.7534363, 53.7206228], [11.7543062, 53.7206898], [11.7545143, 53.7207516], [11.7549249, 53.7209988], [11.7555016, 53.721147], [11.7561293, 53.7212324], [11.7569452, 53.7212583], [11.7580913, 53.7211375], [11.7585822, 53.7211492], [11.7592298, 53.7213133], [11.7600727, 53.7216572], [11.7606432, 53.72201], [11.7610536, 53.722338], [11.7613092, 53.7224839], [11.7615829, 53.7225136], [11.7620219, 53.7224109], [11.7626232, 53.7223933], [11.7634781, 53.7224455], [11.7641615, 53.7223066], [11.7651269, 53.721765], [11.7658022, 53.72151], [11.7659807, 53.7211486], [11.7660317, 53.7207633], [11.7659012, 53.7203821], [11.7652846, 53.7199245], [11.7650806, 53.7196485], [11.7650954, 53.7194724], [11.7656707, 53.7190296], [11.7659499, 53.7189045], [11.7663857, 53.7189225], [11.7671719, 53.7188447], [11.7675214, 53.7188835], [11.767966, 53.7188536], [11.7686819, 53.7189581], [11.7699136, 53.719029], [11.7703797, 53.7189933], [11.7708939, 53.7188708], [11.7713869, 53.7186762], [11.7720674, 53.7183513], [11.7730257, 53.7178908], [11.7735453, 53.7177386], [11.7740562, 53.7176834], [11.7750655, 53.7178331], [11.7763667, 53.7180881], [11.7785176, 53.718877], [11.7810089, 53.7198702], [11.7822573, 53.720474], [11.7824299, 53.7204835], [11.7830989, 53.7203016], [11.7835178, 53.7203409], [11.7838914, 53.7204749], [11.7842883, 53.7209725], [11.7843661, 53.721155], [11.7842097, 53.7215014], [11.7841899, 53.7217018], [11.7845067, 53.7225086], [11.7847367, 53.7227947], [11.7849151, 53.7229032], [11.7852254, 53.7229597], [11.7854996, 53.7230295], [11.7858161, 53.7230696], [11.7861466, 53.7230584], [11.786535, 53.7229573], [11.7867924, 53.7227656], [11.7872819, 53.7222543], [11.7879544, 53.7217726], [11.7883384, 53.7216406], [11.7887959, 53.7215656], [11.78928, 53.7216279], [11.7897418, 53.7217449], [11.7904109, 53.7220785], [11.7905717, 53.7223578], [11.7907283, 53.7228473], [11.7910201, 53.7233217], [11.7913818, 53.7236298], [11.792929, 53.7245565], [11.7938579, 53.7252459], [11.7940447, 53.7255651], [11.7944178, 53.7265455], [11.7947267, 53.7270768], [11.7948549, 53.7275331], [11.7950335, 53.7277773], [11.7953724, 53.7279336], [11.7960152, 53.7280628], [11.796349, 53.728058], [11.7966548, 53.7279499], [11.7971171, 53.7276847], [11.7977755, 53.7274413], [11.7982932, 53.7272879], [11.7986311, 53.7272816], [11.7988457, 53.7273229], [11.7990817, 53.7274562], [11.7996021, 53.7277227], [11.7999206, 53.7278156], [11.8003638, 53.7279449], [11.8009593, 53.7282718], [11.8012382, 53.7283702], [11.8016592, 53.728477], [11.8023425, 53.7287052], [11.8031808, 53.7288778], [11.8035912, 53.7290123], [11.8037836, 53.7291046], [11.8039753, 53.7291953], [11.8041564, 53.7294732], [11.8041978, 53.7297344], [11.8042423, 53.7299722], [11.8042396, 53.7302492], [11.8041917, 53.7306053], [11.8042332, 53.7310539], [11.8045613, 53.7317289], [11.8047917, 53.7319734], [11.8057357, 53.7323877], [11.8075711, 53.7327866], [11.80777, 53.7327629], [11.8082321, 53.7324537], [11.80835, 53.7324357], [11.8085202, 53.7324774], [11.8085606, 53.7325266], [11.8085401, 53.7325956], [11.8083273, 53.7328167], [11.8083195, 53.7329953], [11.808836, 53.7337496], [11.8096401, 53.7343856], [11.8095657, 53.7345475], [11.8093876, 53.7346464], [11.8094721, 53.7347937], [11.8098321, 53.7348297], [11.8107417, 53.7347551], [11.8109332, 53.7347963], [11.8113209, 53.7348797], [11.8115602, 53.7350097], [11.8116082, 53.7352977], [11.8119443, 53.7354417], [11.8138692, 53.7359889], [11.8144525, 53.7364258], [11.8147775, 53.7365805], [11.8148145, 53.7367709], [11.8146579, 53.7369849], [11.8147816, 53.7370694], [11.8153353, 53.7370589], [11.8157788, 53.7371337], [11.8161481, 53.7372639], [11.8163722, 53.7373873], [11.8167274, 53.7375003], [11.8170879, 53.7375398], [11.8173642, 53.7376369], [11.8175738, 53.7377626], [11.8175127, 53.7378779], [11.8172663, 53.7379842], [11.8170694, 53.7381089], [11.8171207, 53.7382937], [11.8170808, 53.738523], [11.8171767, 53.73867], [11.8174542, 53.7387367], [11.817673, 53.7386485], [11.8181354, 53.7384621], [11.8191329, 53.7385395], [11.8194976, 53.7384792], [11.8197522, 53.7381772], [11.819981, 53.7380792], [11.8202849, 53.7380219], [11.820633, 53.7379859], [11.8220309, 53.7383257], [11.8234534, 53.7386116], [11.8238688, 53.7393781], [11.8247273, 53.7402811], [11.8252256, 53.7404754], [11.8261837, 53.7406344], [11.8282628, 53.7407369], [11.8285883, 53.7408041], [11.8293433, 53.7412536], [11.8294053, 53.7413954], [11.8291765, 53.7423106], [11.8292788, 53.7424664], [11.8298037, 53.7428911], [11.8304428, 53.7431799], [11.8305484, 53.7433851], [11.8306796, 53.744384], [11.8307708, 53.7445429], [11.8314853, 53.7446914], [11.8318419, 53.7449427], [11.832034, 53.7449554], [11.8324852, 53.7449852], [11.8326525, 53.7449772], [11.8338267, 53.7447877], [11.8338918, 53.7446822], [11.8337397, 53.7445343], [11.8335774, 53.7442498], [11.8335922, 53.7440008], [11.8337917, 53.7437926], [11.8341675, 53.7437352], [11.8347179, 53.7437359], [11.8351939, 53.7438729], [11.8355593, 53.7440517], [11.8361561, 53.7444513], [11.8364022, 53.7446704], [11.8367262, 53.7450785], [11.8380082, 53.7467532], [11.8382791, 53.7469144], [11.8383286, 53.747163], [11.8380148, 53.7477116], [11.837559, 53.7478849], [11.8370705, 53.7482723], [11.8359493, 53.7495419], [11.8359299, 53.7497633], [11.8362, 53.7501079], [11.8366422, 53.7502749], [11.8367742, 53.7505749], [11.8372543, 53.7510909], [11.8376263, 53.751259], [11.8379983, 53.751343], [11.8382383, 53.751499], [11.838458, 53.7517098], [11.8386553, 53.752043], [11.8388584, 53.7521956], [11.8389434, 53.7523425], [11.8387499, 53.7527293], [11.8393261, 53.7533725], [11.8398334, 53.7537501], [11.8403006, 53.7539325], [11.8406019, 53.7541497], [11.8410119, 53.7546028], [11.8411089, 53.755063], [11.8411598, 53.7551584], [11.8412622, 53.7552133], [11.8420091, 53.7554731], [11.842232, 53.7557843], [11.8427229, 53.7563625], [11.8432067, 53.7568154], [11.8437468, 53.7571754], [11.8438936, 53.7575415], [11.8441294, 53.7580585], [11.8443348, 53.7583515], [11.8442388, 53.7592036], [11.8442628, 53.7596716], [11.8444188, 53.7601637], [11.8447259, 53.7605998], [11.8447651, 53.7607156], [11.8447338, 53.7608654], [11.8447047, 53.7609487], [11.8444808, 53.7610644], [11.8444068, 53.7611477], [11.8440251, 53.7613019], [11.8428827, 53.7614358], [11.8422095, 53.7615979], [11.8417248, 53.761686], [11.8415386, 53.7617838], [11.8415349, 53.7620012], [11.8416287, 53.7621017], [11.8417324, 53.7622448], [11.8419882, 53.7623021], [11.8423176, 53.7622932], [11.8423761, 53.7623284], [11.8424134, 53.7623508], [11.8423736, 53.7624873], [11.8423793, 53.7625755], [11.8424548, 53.7626684], [11.8424889, 53.762754], [11.842515, 53.7628515], [11.8424531, 53.7628939], [11.8421584, 53.7629113]]}, "properties": {"name": "Warnow", "osm_way_id": 25317039, "source": "OpenStreetMap contributors, ODbL 1.0; https://overpass-api.de/api/interpreter"}}, {"type": "Feature", "geometry": {"type": "LineString", "coordinates": [[11.5724534, 53.6241777], [11.5728512, 53.6244079], [11.5732489, 53.624661], [11.573719, 53.6251351], [11.5742132, 53.625569], [11.5745511, 53.6260032], [11.5746469, 53.6262304], [11.5748239, 53.6265011], [11.5750007, 53.6266618], [11.575302, 53.6268185], [11.5756074, 53.6269993], [11.5760815, 53.6271761], [11.5763308, 53.627282], [11.5766402, 53.6273519], [11.5769067, 53.6275291], [11.5772837, 53.6278534], [11.5775399, 53.628056], [11.5778555, 53.6281614], [11.578179, 53.6281833], [11.5784681, 53.6281741], [11.578793, 53.6281854], [11.5791036, 53.6282285], [11.5796003, 53.6283767], [11.5799211, 53.6285744], [11.5802059, 53.6288164], [11.5805372, 53.6291016], [11.58067, 53.6293093], [11.5805093, 53.6296511], [11.5803599, 53.6299135], [11.5801916, 53.6301814], [11.5797963, 53.6304989], [11.5794103, 53.6310786], [11.5791792, 53.631368]]}, "properties": {"name": "Warnow", "osm_way_id": 25910019, "source": "OpenStreetMap contributors, ODbL 1.0; https://overpass-api.de/api/interpreter"}}, {"type": "Feature", "geometry": {"type": "LineString", "coordinates": [[11.5787683, 53.6318674], [11.5783244, 53.6323489], [11.578113, 53.6324711], [11.5776986, 53.6326806], [11.5775412, 53.6328656], [11.5774803, 53.6330323], [11.5774684, 53.6334467], [11.5773009, 53.6336021], [11.5769354, 53.6337236], [11.5764898, 53.6338529], [11.5762227, 53.6340137], [11.5760195, 53.6343147], [11.5758583, 53.6345478], [11.5755661, 53.6348015], [11.5754986, 53.6349386], [11.5754921, 53.6350353], [11.575476, 53.6352295], [11.5754677, 53.6353834], [11.5754291, 53.6360492], [11.5754564, 53.6362565], [11.5756255, 53.6366275], [11.5757625, 53.6368154], [11.5759996, 53.6370529], [11.5760302, 53.6370835], [11.5763563, 53.637367], [11.5767084, 53.6375723], [11.5769294, 53.6376751], [11.5773417, 53.6378538], [11.5779441, 53.6380269], [11.5783193, 53.6381209], [11.5785362, 53.6382588], [11.5785534, 53.6384817], [11.5784488, 53.6388168], [11.578297, 53.6391641], [11.5782917, 53.6396459], [11.57847, 53.6399322], [11.5788021, 53.64001], [11.5790569, 53.6400258], [11.5792604, 53.6400444], [11.5795093, 53.6401149], [11.579674, 53.6402102], [11.5797883, 53.6403273], [11.5799219, 53.6404618], [11.579983, 53.6406558], [11.5799222, 53.6409965], [11.5797455, 53.6413011], [11.5796629, 53.6416179], [11.5796936, 53.6419299], [11.5797666, 53.6423154], [11.5797621, 53.6424469], [11.5797258, 53.6427316], [11.5797181, 53.6427547], [11.5797027, 53.642801]]}, "properties": {"name": "Warnow", "osm_way_id": 25910450, "source": "OpenStreetMap contributors, ODbL 1.0; https://overpass-api.de/api/interpreter"}}, {"type": "Feature", "geometry": {"type": "LineString", "coordinates": [[11.6954796, 53.6090207], [11.6952426, 53.609077], [11.6948886, 53.6088023], [11.6942381, 53.608879], [11.6937133, 53.6088863], [11.6935255, 53.6088299], [11.6932122, 53.6086593], [11.6928214, 53.6084914], [11.6924632, 53.6083743], [11.6922477, 53.6083038], [11.6918926, 53.6081957], [11.6916378, 53.6081125], [11.6910378, 53.6078981], [11.6904219, 53.6078833], [11.6899613, 53.6079143], [11.6895078, 53.607942], [11.6889256, 53.6080283], [11.6886623, 53.6081263], [11.6882987, 53.6083461], [11.6879316, 53.6084131], [11.68747, 53.6087571], [11.6872736, 53.6087741], [11.6869842, 53.6087419], [11.6868701, 53.6087491], [11.6865574, 53.6087689], [11.686342, 53.6089027], [11.6862401, 53.6090919], [11.6862226, 53.6093009], [11.6856377, 53.6097634], [11.6850312, 53.6099167], [11.6846679, 53.6102129], [11.6844437, 53.610377], [11.6844125, 53.6105218], [11.6844146, 53.6106689], [11.6843685, 53.6108012], [11.6838999, 53.6111811], [11.6835965, 53.611365], [11.6833491, 53.6114301], [11.6826603, 53.6113524], [11.6822835, 53.6112164], [11.6816281, 53.6108724], [11.6812237, 53.6106672], [11.6807934, 53.6104807], [11.6803183, 53.6102492], [11.6800624, 53.610163], [11.679768, 53.6101616], [11.6793993, 53.6101599], [11.6787571, 53.6105498], [11.6784666, 53.610852], [11.6783267, 53.611169], [11.6781605, 53.6115524], [11.6778087, 53.611833], [11.6777888, 53.6121232], [11.6778498, 53.6123981], [11.6776329, 53.6126588], [11.6776165, 53.6129194], [11.6775837, 53.6131109], [11.6773674, 53.6133047], [11.6768942, 53.613521], [11.6764261, 53.6136737], [11.6757869, 53.6137547], [11.6753864, 53.6136705], [11.6747495, 53.6136348], [11.6741548, 53.6134949], [11.6739162, 53.6134183], [11.6737783, 53.6132972], [11.6736687, 53.613161], [11.673663, 53.6129719], [11.6735261, 53.6128536], [11.6732561, 53.6127642], [11.6725057, 53.612615], [11.6720686, 53.6123844], [11.6715288, 53.6122991], [11.6707077, 53.6122951], [11.6698955, 53.6122646], [11.6693081, 53.612405], [11.6687376, 53.6123001], [11.6680475, 53.6124], [11.6673949, 53.6124862], [11.6670191, 53.6124632], [11.6659781, 53.6125687], [11.6652856, 53.6123679], [11.6649654, 53.6120654], [11.6645848, 53.6118373], [11.6640913, 53.6116729], [11.6632816, 53.6115209], [11.6626378, 53.6113288], [11.662355, 53.611382], [11.6621163, 53.6113657], [11.6617844, 53.6111955], [11.6612617, 53.6110063], [11.6610376, 53.6107248], [11.6607548, 53.6105687], [11.6606586, 53.6103562], [11.6606564, 53.6097836], [11.6605067, 53.6096728], [11.6602361, 53.6096596], [11.6601138, 53.6096069], [11.6600357, 53.6095465], [11.6599793, 53.609292], [11.6598539, 53.6091735], [11.6596272, 53.6090953], [11.6594298, 53.6090264], [11.6592169, 53.6089782], [11.6590273, 53.6089466], [11.6587694, 53.6088566], [11.6584089, 53.6086335], [11.6582744, 53.6085744], [11.6579966, 53.6085698], [11.6577766, 53.6086642], [11.6574681, 53.6087269], [11.6571361, 53.6088111], [11.6567869, 53.6088353], [11.6564199, 53.608894], [11.6560846, 53.6089761], [11.6555462, 53.6092078], [11.6551166, 53.6093446], [11.6547322, 53.6093824], [11.6544573, 53.6093804], [11.6537184, 53.6094003], [11.6531911, 53.6094364], [11.6529231, 53.6094831], [11.6525984, 53.6093458], [11.6524604, 53.6092567], [11.6523451, 53.6090465], [11.6521668, 53.6086236], [11.6518442, 53.6082969], [11.6514, 53.6081914], [11.6508523, 53.6081814], [11.6503663, 53.608271], [11.6501572, 53.608285], [11.6501114, 53.6080838], [11.6500058, 53.60803], [11.6496911, 53.6080918], [11.6490657, 53.6083129], [11.6486295, 53.6086315], [11.6484144, 53.609002], [11.6484124, 53.6093864], [11.648524, 53.6097628], [11.6487909, 53.6100955], [11.6491115, 53.6103982], [11.6491068, 53.6105498], [11.6488435, 53.610771], [11.6485401, 53.610944], [11.6480939, 53.6112256], [11.6475182, 53.6113801], [11.6469948, 53.6115719], [11.646353, 53.6116669], [11.6460861, 53.6116701], [11.6456919, 53.6118246], [11.6455282, 53.6119391], [11.645461, 53.6120232], [11.6453353, 53.6120923], [11.6451824, 53.6120945], [11.6450551, 53.6121722], [11.6451024, 53.6123493], [11.6447954, 53.6127097], [11.6449204, 53.6129387], [11.6448159, 53.6131109], [11.6449423, 53.6132582], [11.6450958, 53.6134203], [11.6449206, 53.6136839], [11.6444154, 53.6138046], [11.643865, 53.6139954], [11.6432369, 53.6142501], [11.6428316, 53.6145038], [11.6424315, 53.614736], [11.6419481, 53.6149759], [11.6413737, 53.6150688], [11.6406817, 53.6151281], [11.6402902, 53.614991], [11.640049, 53.6148562], [11.6397719, 53.6147807], [11.6390529, 53.6143858], [11.6383704, 53.613974], [11.6381308, 53.6138126], [11.6377706, 53.6136706], [11.6371472, 53.6135252], [11.6366632, 53.6134993], [11.6360219, 53.6136607], [11.6351618, 53.6139263], [11.6347649, 53.6142637], [11.6346629, 53.6145503], [11.6347435, 53.614938], [11.6346635, 53.6153576], [11.634315, 53.615736], [11.6338151, 53.6160069], [11.6330761, 53.6162599], [11.6323332, 53.6163794], [11.6316222, 53.6164431], [11.6309888, 53.6165068], [11.6303076, 53.6164033], [11.6296145, 53.6162081], [11.6287601, 53.6159671], [11.6280049, 53.6157865], [11.6273875, 53.6156667], [11.626843, 53.6157823], [11.6264279, 53.616058], [11.6259374, 53.6164045], [11.6255307, 53.616728], [11.6248387, 53.6170266], [11.6243902, 53.616955], [11.6237524, 53.6170043], [11.6232689, 53.6169626], [11.6228175, 53.6168676], [11.6222233, 53.6168309], [11.6218245, 53.616991], [11.6210652, 53.6169529], [11.6202284, 53.6169767], [11.6194948, 53.6169312], [11.6188851, 53.6170127], [11.6186341, 53.6170267], [11.618172, 53.6169649], [11.6177562, 53.6167403], [11.6173195, 53.6165638], [11.6168913, 53.6164818], [11.6164947, 53.6163161], [11.6163363, 53.6162251], [11.6160588, 53.616163], [11.6155229, 53.6162816], [11.6149785, 53.6162025], [11.6147517, 53.6162604], [11.6143666, 53.6160443], [11.6140936, 53.616082], [11.6140122, 53.6161655], [11.613498, 53.6163081], [11.6129251, 53.6162385], [11.6126152, 53.6162143], [11.6123059, 53.616075], [11.6120329, 53.6159228], [11.6114382, 53.6157193], [11.6108729, 53.6157555], [11.6105079, 53.6158176], [11.6100532, 53.6157553], [11.6096304, 53.6155991], [11.6095117, 53.615463], [11.6090441, 53.6153283], [11.6087901, 53.6152556], [11.608438, 53.6152029], [11.6082117, 53.6151106], [11.6079933, 53.6148866], [11.6076795, 53.6147112], [11.6075928, 53.6144849], [11.6071947, 53.6142793], [11.6066605, 53.6140851], [11.6062559, 53.6138951], [11.6060873, 53.6137073], [11.6062119, 53.6134934], [11.606292, 53.6132162], [11.6061161, 53.6130671], [11.605886, 53.6127735], [11.6058744, 53.6127587], [11.6056732, 53.6125404], [11.6054334, 53.6123627], [11.6053418, 53.6122823], [11.605164, 53.6121263], [11.6050965, 53.6119532], [11.604931, 53.6117988], [11.604526, 53.6116973], [11.6039751, 53.6115808], [11.6037536, 53.6115781], [11.6033581, 53.6115865], [11.6029878, 53.6115294], [11.6026482, 53.6113479], [11.602243, 53.611289], [11.6014046, 53.6111242], [11.6009292, 53.6109925], [11.6005147, 53.6108629], [11.5999998, 53.6106792], [11.5998792, 53.6105429], [11.5998602, 53.6100507], [11.599856, 53.6097737], [11.59967, 53.609545], [11.5994444, 53.6094246], [11.5991673, 53.6093789], [11.5984863, 53.6093941], [11.5976007, 53.6095502], [11.5972971, 53.6095964], [11.596724, 53.6096503], [11.59655, 53.6096612], [11.5962581, 53.6096808], [11.5958637, 53.6097116], [11.5952314, 53.6097521], [11.5947915, 53.6097424], [11.5944549, 53.6096425], [11.5940799, 53.609498], [11.5938556, 53.6093686], [11.5937159, 53.6092424], [11.5937044, 53.6090735], [11.5937792, 53.6085403], [11.5937517, 53.6082081], [11.5935048, 53.6079403], [11.5932316, 53.6078304], [11.5927045, 53.6078332], [11.5919404, 53.6080693], [11.5916804, 53.6081802], [11.5915331, 53.6084616], [11.591563, 53.6088587], [11.5916466, 53.609185], [11.5916046, 53.6092958], [11.5909585, 53.6097237], [11.5904348, 53.6099839], [11.5897496, 53.6101814], [11.5889714, 53.6104104], [11.5882288, 53.6106116], [11.5877756, 53.610731], [11.5871678, 53.6110994], [11.5867179, 53.6113669], [11.5860973, 53.6115595], [11.5854261, 53.6117057], [11.5845834, 53.6118155], [11.5837381, 53.6117962], [11.5831955, 53.6117386], [11.5825846, 53.6116436], [11.5816703, 53.6115021], [11.5808841, 53.6113839], [11.5798145, 53.6111764], [11.5787589, 53.6110001], [11.5782271, 53.6109267], [11.5778672, 53.6108771], [11.5774148, 53.6109195], [11.5770237, 53.6110489], [11.576403, 53.611324], [11.5761747, 53.6114128], [11.576082, 53.6114716], [11.5760772, 53.611991], [11.5761501, 53.6125313], [11.5761705, 53.6126827], [11.5762282, 53.6130512], [11.5763001, 53.6132], [11.5764679, 53.6133113], [11.5764763, 53.6133168], [11.5766777, 53.6133781], [11.5768843, 53.6133811], [11.5775811, 53.6133458], [11.5778331, 53.6133862], [11.5780469, 53.613481], [11.5785909, 53.6139109], [11.5788589, 53.614325], [11.5789112, 53.6146626], [11.5790216, 53.6148775], [11.57945, 53.6153483], [11.5796778, 53.6155988], [11.5797574, 53.6157717], [11.5797285, 53.6159664], [11.5794399, 53.6162816], [11.5793752, 53.6164221], [11.5794521, 53.6166993], [11.5793707, 53.6168862], [11.5790907, 53.6170769], [11.5788399, 53.6173452], [11.57877, 53.6176426], [11.5788112, 53.6178738], [11.5790184, 53.6180766], [11.5791114, 53.6181949], [11.5791098, 53.6183273], [11.578984, 53.6185808], [11.5786686, 53.618917], [11.5786861, 53.6191947], [11.5787821, 53.6194393], [11.5791066, 53.6198078], [11.5793338, 53.6203629], [11.5792736, 53.6206142], [11.5789717, 53.6208592], [11.578477, 53.6210581], [11.5782569, 53.6213047], [11.5778692, 53.621714], [11.5777801, 53.621804], [11.5775814, 53.621969], [11.5770212, 53.622129], [11.5767801, 53.6221613], [11.5763967, 53.6221968], [11.5756942, 53.6222141], [11.5751357, 53.6222041], [11.5748421, 53.6222011], [11.5744843, 53.6221895], [11.5739654, 53.6222109], [11.5732317, 53.6222878], [11.5725582, 53.6223896], [11.5720499, 53.6225706], [11.5716744, 53.6228153], [11.5715359, 53.6231394], [11.5717105, 53.6235233], [11.5717837, 53.6236531]]}, "properties": {"name": "Warnow", "osm_way_id": 26699836, "source": "OpenStreetMap contributors, ODbL 1.0; https://overpass-api.de/api/interpreter"}}, {"type": "Feature", "geometry": {"type": "LineString", "coordinates": [[11.7235028, 53.6136368], [11.7224268, 53.6130703], [11.7223873, 53.6130489], [11.7210498, 53.6124029], [11.7196428, 53.6117234], [11.7185991, 53.6112193], [11.7184116, 53.6111288], [11.7175728, 53.6111659], [11.6980927, 53.6092744], [11.6954796, 53.6090207]]}, "properties": {"name": "Warnow", "osm_way_id": 27610284, "source": "OpenStreetMap contributors, ODbL 1.0; https://overpass-api.de/api/interpreter"}}, {"type": "Feature", "geometry": {"type": "LineString", "coordinates": [[11.7713382, 53.590702], [11.7718214, 53.5911938], [11.7750715, 53.593381], [11.7757834, 53.5938401], [11.7769077, 53.5945651], [11.7779814, 53.5952087], [11.7783546, 53.595512], [11.7784699, 53.5957498], [11.7783619, 53.5960859], [11.7781454, 53.5964055], [11.7780954, 53.5966356], [11.7781605, 53.5970007], [11.7783635, 53.5974143], [11.778725, 53.5976372], [11.7792237, 53.5978189], [11.7798298, 53.5978389], [11.7806439, 53.5977696], [11.7810044, 53.5978858], [11.7811382, 53.5980981], [11.7811282, 53.5984059], [11.7813278, 53.5986979], [11.7816411, 53.5989128], [11.7821094, 53.5990531], [11.782717, 53.5990289], [11.7836127, 53.5990417], [11.7842532, 53.599183], [11.784723, 53.5993671], [11.784885, 53.5996065], [11.7849338, 53.5999191], [11.7848179, 53.6001632], [11.7847761, 53.6004138], [11.7849327, 53.6006707], [11.7852438, 53.6009479], [11.7857248, 53.6011612], [11.7862662, 53.6014014], [11.7881482, 53.6021582], [11.7886395, 53.6022801], [11.7886971, 53.6022838], [11.7891111, 53.6023107], [11.7898042, 53.6022254], [11.7901067, 53.602141], [11.7905654, 53.6020576], [11.7911141, 53.6021716], [11.7914618, 53.6023139], [11.7915924, 53.6024436], [11.7918753, 53.6029472], [11.7921801, 53.6034897], [11.7923356, 53.6041164], [11.7924531, 53.605432], [11.7924633, 53.6061596], [11.7924703, 53.606665], [11.7923764, 53.6070094], [11.7922777, 53.6071864], [11.7921709, 53.6073777], [11.7919451, 53.6076581], [11.7915036, 53.607977], [11.7912622, 53.6080955], [11.7910095, 53.6082195], [11.7905203, 53.6084391], [11.7899871, 53.6086075], [11.7893551, 53.6087157], [11.7891844, 53.6087145], [11.7887983, 53.6087119], [11.7883021, 53.6086078], [11.7869755, 53.6082294], [11.7848903, 53.6075833], [11.7845143, 53.6074824], [11.7840642, 53.6074337], [11.7833738, 53.6074251], [11.7822576, 53.6075748], [11.7817794, 53.6076259], [11.7813447, 53.6076744], [11.7807286, 53.6076657], [11.7787454, 53.6075451], [11.7776924, 53.6074891], [11.7764415, 53.6075203], [11.7756255, 53.6075845], [11.7752199, 53.6076479], [11.7737978, 53.6080881], [11.7732667, 53.6082351], [11.7728483, 53.6082905], [11.7724937, 53.6082975], [11.7721649, 53.6082736], [11.7718189, 53.6082501], [11.7715093, 53.6082615], [11.7711832, 53.6083592], [11.7695862, 53.6093105], [11.769157, 53.6095524], [11.7686737, 53.6097736], [11.7681045, 53.6099493], [11.7675166, 53.6100222], [11.7665789, 53.6101132], [11.7661256, 53.6101428], [11.7658955, 53.6101778], [11.765624, 53.6103223], [11.7653295, 53.6105215], [11.7645935, 53.6110202], [11.7640807, 53.6113789], [11.7637245, 53.6116281], [11.7634005, 53.6118435], [11.7629172, 53.6119616], [11.7624848, 53.6120217], [11.7620159, 53.6120281], [11.7615712, 53.6119434], [11.761156, 53.6118079], [11.760707, 53.611587], [11.760471, 53.6113913], [11.7601926, 53.6112264], [11.7598112, 53.6111348], [11.7594694, 53.6110988], [11.759198, 53.6111494], [11.759007, 53.6112643], [11.7589582, 53.6114247], [11.7589534, 53.6119597], [11.7589011, 53.6124665], [11.7588692, 53.6127753], [11.7588166, 53.6135063], [11.7585258, 53.6141927], [11.7582657, 53.6147449], [11.7580575, 53.6152174], [11.7578344, 53.6159983], [11.7577523, 53.6161167], [11.7572819, 53.6164043], [11.756968, 53.6165962], [11.7564546, 53.6169202], [11.7562465, 53.6170115], [11.7559708, 53.6170166], [11.7549285, 53.6170023], [11.754708, 53.6170277], [11.7543679, 53.6173491], [11.753295, 53.6183709], [11.7529973, 53.6186325], [11.7527494, 53.6188504], [11.7524372, 53.6190613], [11.7517892, 53.6198396], [11.751617, 53.6200302], [11.7511884, 53.6206857], [11.751014, 53.620881], [11.7502717, 53.6214596], [11.7497454, 53.6218699], [11.7492636, 53.6222485], [11.7488339, 53.6225925], [11.7486532, 53.6227706], [11.7484853, 53.6229625], [11.7484043, 53.6233939], [11.7483667, 53.6236418], [11.7482578, 53.6238403], [11.747642, 53.6243478], [11.7470637, 53.6248208], [11.7468368, 53.624908], [11.7466399, 53.6248962], [11.7426386, 53.6228556], [11.7306775, 53.617043], [11.7293498, 53.6164674], [11.7279009, 53.6156871], [11.7235028, 53.6136368]]}, "properties": {"name": "Warnow", "osm_way_id": 27610314, "source": "OpenStreetMap contributors, ODbL 1.0; https://overpass-api.de/api/interpreter"}}, {"type": "Feature", "geometry": {"type": "LineString", "coordinates": [[11.7712693, 53.590266], [11.7713382, 53.590702]]}, "properties": {"name": "Warnow", "osm_way_id": 27610331, "source": "OpenStreetMap contributors, ODbL 1.0; https://overpass-api.de/api/interpreter"}}, {"type": "Feature", "geometry": {"type": "LineString", "coordinates": [[12.1519264, 54.0823157], [12.1514616, 54.0822336], [12.1506807, 54.0824036], [12.1502017, 54.0827038], [12.1498065, 54.0830974], [12.1496855, 54.0832597], [12.1497406, 54.0834695], [12.1503535, 54.0838176], [12.1506672, 54.0839766], [12.150972, 54.0841141]]}, "properties": {"name": "Warnow", "osm_way_id": 28019289, "source": "OpenStreetMap contributors, ODbL 1.0; https://overpass-api.de/api/interpreter"}}, {"type": "Feature", "geometry": {"type": "LineString", "coordinates": [[11.9865685, 53.8467707], [11.9865447, 53.8469219], [11.9866003, 53.8469802], [11.9869707, 53.8473286], [11.9871039, 53.8473791], [11.9872648, 53.8475108], [11.987672, 53.8478165], [11.9877956, 53.8478589], [11.9886489, 53.8487724], [11.9895581, 53.8495593], [11.9906091, 53.8499797], [11.9914032, 53.8503497], [11.9920193, 53.8508129], [11.9953358, 53.8520295], [11.9955467, 53.8520905]]}, "properties": {"name": "Warnow", "osm_way_id": 28318591, "source": "OpenStreetMap contributors, ODbL 1.0; https://overpass-api.de/api/interpreter"}}, {"type": "Feature", "geometry": {"type": "LineString", "coordinates": [[12.1250369, 53.9732621], [12.1245387, 53.9737361], [12.1242162, 53.9743417], [12.1245593, 53.9747572], [12.1251133, 53.9749654], [12.1257778, 53.9751227]]}, "properties": {"name": "Warnow", "osm_way_id": 28441167, "source": "OpenStreetMap contributors, ODbL 1.0; https://overpass-api.de/api/interpreter"}}, {"type": "Feature", "geometry": {"type": "LineString", "coordinates": [[12.1230786, 53.9738791], [12.1235849, 53.9741966], [12.1242162, 53.9743417]]}, "properties": {"name": "Warnow", "osm_way_id": 28441168, "source": "OpenStreetMap contributors, ODbL 1.0; https://overpass-api.de/api/interpreter"}}, {"type": "Feature", "geometry": {"type": "LineString", "coordinates": [[11.9720029, 53.8482519], [11.9720962, 53.848151], [11.9719307, 53.8478527], [11.9719829, 53.8476223], [11.9727632, 53.8471593], [11.9731814, 53.8470915], [11.973589, 53.8468988], [11.9744273, 53.8465696], [11.9744733, 53.8465533], [11.9752937, 53.8462763], [11.9759178, 53.8460789], [11.9761369, 53.8459768], [11.9762936, 53.8458476], [11.9764738, 53.8457779], [11.9767187, 53.8457625], [11.977116, 53.8457767], [11.9775856, 53.8458362], [11.9780469, 53.8459293], [11.9789665, 53.8461806], [11.9795277, 53.8462803], [11.9802862, 53.8463734], [11.9810481, 53.8464303], [11.982099, 53.8463793], [11.9840638, 53.8464439], [11.9845562, 53.8464081], [11.9853946, 53.8462717], [11.9858964, 53.8461901], [11.9862822, 53.8460745], [11.9863998, 53.8460783], [11.9864769, 53.846108], [11.986546, 53.8462427], [11.9865562, 53.8466324], [11.9865685, 53.8467707]]}, "properties": {"name": "Warnow", "osm_way_id": 33715759, "source": "OpenStreetMap contributors, ODbL 1.0; https://overpass-api.de/api/interpreter"}}, {"type": "Feature", "geometry": {"type": "LineString", "coordinates": [[10.3684555, 53.9799112], [10.3684475, 53.9798378], [10.3683912, 53.9796446], [10.3682383, 53.9794371], [10.3677971, 53.978956], [10.3675583, 53.9786129], [10.3674765, 53.978348], [10.3673477, 53.9772059], [10.3673789, 53.9767694], [10.367454, 53.9764523], [10.3674041, 53.9761964], [10.3673011, 53.9760469], [10.3671385, 53.9759061], [10.3668221, 53.9757374], [10.3665259, 53.9756888], [10.3663741, 53.9756806], [10.3662454, 53.9756963], [10.3661327, 53.9757263], [10.3659074, 53.9757831], [10.3654568, 53.9758194], [10.3649687, 53.9758067], [10.3645395, 53.9757421], [10.3644376, 53.9756758], [10.3643783, 53.9754299], [10.3643897, 53.975257], [10.3643224, 53.9750136], [10.36413, 53.9749569], [10.3636544, 53.9749864], [10.3632574, 53.974977], [10.3628792, 53.9749407], [10.3621738, 53.9749423], [10.3617554, 53.9749738], [10.3616025, 53.9750259], [10.3615059, 53.9751174], [10.3614657, 53.9752925], [10.3612297, 53.9756632], [10.3609963, 53.975944], [10.36072, 53.9761222], [10.3604089, 53.9761885], [10.360079, 53.9761585], [10.3597571, 53.9760844], [10.3589686, 53.9759566], [10.3581183, 53.9758131], [10.3574236, 53.9756695], [10.3569784, 53.9755338], [10.3564902, 53.9753856], [10.3555192, 53.9750906], [10.3551866, 53.9750354], [10.3548002, 53.9750236], [10.3521584, 53.9754629], [10.3517419, 53.975569], [10.3515281, 53.9756522], [10.3513645, 53.9757768], [10.3511929, 53.9759163], [10.3510561, 53.9760851], [10.350977, 53.9763108], [10.3508533, 53.9764526], [10.3507774, 53.9765785], [10.3506768, 53.9766787], [10.3505022, 53.9767564], [10.3502943, 53.9767895], [10.3496586, 53.9767674], [10.3490524, 53.9767075], [10.3486125, 53.976627], [10.3481727, 53.9765166], [10.3479742, 53.9764535], [10.3478669, 53.9763557], [10.3478294, 53.9762417], [10.3477837, 53.9761175], [10.3476027, 53.9756759], [10.3474257, 53.975253], [10.3473399, 53.9750109], [10.3472205, 53.9747703], [10.3472379, 53.9746875], [10.3472554, 53.9746142], [10.3473868, 53.974529], [10.3483765, 53.9742025], [10.3486823, 53.9740841], [10.3490202, 53.9739405], [10.3491891, 53.9737908], [10.3496093, 53.9734724], [10.3497273, 53.9733635], [10.3497766, 53.9732685], [10.3497568, 53.9732152], [10.3496897, 53.9731285], [10.3495191, 53.9730492], [10.3489732, 53.9728557], [10.3480976, 53.972699], [10.3476147, 53.9726288], [10.3473814, 53.9725901], [10.3471387, 53.9725334], [10.346955, 53.9724884], [10.3468342, 53.9724513], [10.3466921, 53.9723992], [10.3465884, 53.9723343], [10.346456, 53.972202], [10.3463059, 53.9720553], [10.346157, 53.9719275], [10.3459559, 53.9718171], [10.3457281, 53.9717339], [10.3454788, 53.9716697], [10.3451901, 53.9716688], [10.3449218, 53.9717193], [10.3443573, 53.9720719], [10.3438436, 53.972251], [10.343283, 53.9723409], [10.3424757, 53.9723283], [10.3418373, 53.9722147], [10.3414728, 53.9721078], [10.3412714, 53.9720087], [10.341135, 53.971824], [10.3410105, 53.9714588], [10.3408109, 53.9710714], [10.3406748, 53.970949], [10.3405075, 53.9708166], [10.3398567, 53.9705222], [10.3393475, 53.9703724], [10.3388884, 53.9703389], [10.3384201, 53.9703643], [10.3372493, 53.9703878], [10.3368072, 53.9703706], [10.3363866, 53.9702527], [10.3353814, 53.9697594], [10.3351993, 53.9696062], [10.3350235, 53.9692559], [10.3349268, 53.9690155], [10.3347044, 53.9687912], [10.3344225, 53.9687132], [10.3340835, 53.9687703], [10.3337138, 53.9689362], [10.3331839, 53.9692687], [10.3327233, 53.9693494], [10.3317204, 53.9693539], [10.3305311, 53.9694065], [10.3299861, 53.9695145], [10.3262007, 53.9703434], [10.3252101, 53.9703824], [10.3248173, 53.9703289], [10.3243983, 53.9701713], [10.3239622, 53.9699918], [10.3233522, 53.9697111], [10.3232195, 53.9694935], [10.322953, 53.9691012], [10.3222754, 53.9683725], [10.3219396, 53.9681967], [10.3216022, 53.9680653], [10.3207503, 53.9677672], [10.3204391, 53.9676503], [10.320168, 53.9675334], [10.3195765, 53.9671758], [10.3192267, 53.9668876], [10.3188577, 53.9666977], [10.3187585, 53.9666819], [10.3182596, 53.9666251], [10.3181005, 53.966625], [10.3179109, 53.966644], [10.3177129, 53.9667105], [10.3175086, 53.9667482], [10.3172269, 53.9667798], [10.316728, 53.9668034], [10.3164249, 53.9668539], [10.3161406, 53.9670416], [10.3157785, 53.9672878], [10.3153252, 53.967616], [10.3152823, 53.9677958], [10.3154271, 53.9681145], [10.3154191, 53.9683749], [10.3153113, 53.9685889], [10.3149658, 53.9687662], [10.3144009, 53.9692326], [10.313961, 53.9695407], [10.3136671, 53.9697466], [10.3135603, 53.9700615], [10.3133114, 53.9703206], [10.3130588, 53.9704796], [10.3126725, 53.9705528], [10.3117633, 53.9706941], [10.3113663, 53.970743], [10.310964, 53.9707588], [10.3102998, 53.9706743], [10.3094378, 53.9706831], [10.3085875, 53.9706468], [10.3078285, 53.9706042], [10.3074368, 53.9705206], [10.3071981, 53.9703439], [10.3064096, 53.9693263], [10.3062066, 53.9691806], [10.305393, 53.9688671], [10.3051114, 53.9686589], [10.3049504, 53.9684175], [10.3047385, 53.9682471], [10.3045213, 53.968255], [10.3040707, 53.9683654], [10.3035047, 53.96858], [10.303027, 53.9687711], [10.3023579, 53.9692284], [10.3016513, 53.9696576], [10.3013187, 53.969921], [10.3007877, 53.9701325], [10.2999151, 53.9702639], [10.2993473, 53.9703013], [10.2988565, 53.9702192], [10.2981403, 53.9699936], [10.297518, 53.9697633], [10.2972874, 53.9696118], [10.2969893, 53.9694732], [10.2965578, 53.9693641], [10.2961233, 53.9693357], [10.2957075, 53.9694067], [10.2953662, 53.9695384], [10.29471, 53.9703449], [10.2944974, 53.9704754], [10.2942263, 53.9705207], [10.2940106, 53.9705026], [10.2936284, 53.970573], [10.293301, 53.9707387], [10.2930625, 53.9709417], [10.2929692, 53.9712166], [10.292923, 53.97157], [10.2923098, 53.9725015], [10.2916382, 53.9727751], [10.2907139, 53.9731611], [10.290338, 53.9733042], [10.2899682, 53.9734112], [10.2897012, 53.9734099], [10.2895122, 53.973284], [10.28934, 53.9730669], [10.2891148, 53.9729128], [10.288671, 53.9725457], [10.2885214, 53.9724629], [10.288416, 53.9724422], [10.2882872, 53.9724423], [10.2878477, 53.9725574], [10.287337, 53.9727244], [10.286813, 53.9728399], [10.2864125, 53.9728403], [10.286093, 53.9727546], [10.2852142, 53.9720774], [10.2842653, 53.9713884], [10.2841942, 53.971311], [10.2841553, 53.9712061], [10.2845268, 53.9707178], [10.2853811, 53.9698517], [10.2854522, 53.9696687], [10.2854039, 53.9694494], [10.2852644, 53.9693303], [10.2851129, 53.9691591], [10.284787, 53.968939], [10.2843769, 53.9687095], [10.284113, 53.9685878], [10.283763, 53.9683133], [10.2835966, 53.9680179], [10.2826631, 53.9666821], [10.2821855, 53.9660822], [10.2819359, 53.9657396], [10.2817696, 53.9653699], [10.2819329, 53.964402], [10.2819852, 53.9640467], [10.2820592, 53.9637313], [10.2821886, 53.963512], [10.2824012, 53.963309], [10.2828356, 53.9629374], [10.282925, 53.9627108], [10.2825799, 53.9623519], [10.2816432, 53.9615308], [10.2813228, 53.9612426], [10.2811256, 53.9609344], [10.2811874, 53.9606323], [10.2812828, 53.9599302], [10.2816064, 53.9594595], [10.2821024, 53.9588957], [10.2819457, 53.9582163], [10.2819027, 53.9581088], [10.2815481, 53.9577069], [10.2813383, 53.957469], [10.2806697, 53.9565318], [10.2804818, 53.955812], [10.280337, 53.9549255], [10.280716, 53.9545448], [10.2818256, 53.9540982], [10.2824167, 53.9540499], [10.2830287, 53.9540861], [10.283757, 53.9539338], [10.2842869, 53.9537308], [10.2849616, 53.9531869], [10.2855655, 53.9524852], [10.2859616, 53.9517404], [10.2859691, 53.9515678], [10.2857906, 53.9507954], [10.2858397, 53.9502877], [10.285698, 53.9499396], [10.2854793, 53.9497311], [10.2853529, 53.9494718], [10.2856272, 53.9490965], [10.2857638, 53.9487321], [10.2856549, 53.9481536], [10.2856272, 53.9476241], [10.2856764, 53.947033], [10.2857165, 53.9467302], [10.2858182, 53.9464237], [10.2862372, 53.9461989], [10.2891692, 53.9451383], [10.2898328, 53.9447554], [10.2911207, 53.9433645], [10.291455, 53.9428399], [10.2916198, 53.9420824], [10.2916968, 53.9417124], [10.2916968, 53.9414168], [10.2910402, 53.9405637], [10.2907355, 53.9400711], [10.2907545, 53.9399368], [10.2907893, 53.9396902], [10.2922616, 53.9391645], [10.2925658, 53.9389268], [10.2926223, 53.9386608], [10.2925896, 53.9384907], [10.2920809, 53.9382029]]}, "properties": {"name": "Trave", "osm_way_id": 38338363, "source": "OpenStreetMap contributors, ODbL 1.0; https://overpass-api.de/api/interpreter"}}, {"type": "Feature", "geometry": {"type": "LineString", "coordinates": [[10.2803877, 53.9309306], [10.2805509, 53.9307135], [10.2807283, 53.9304815], [10.2809179, 53.9302783], [10.2809447, 53.930208], [10.2809125, 53.930133], [10.2809867, 53.9299627], [10.2811754, 53.9297556], [10.2813591, 53.9296434], [10.2814434, 53.9295921], [10.2815663, 53.9294675], [10.2819219, 53.9293002], [10.2824408, 53.9292492], [10.2831482, 53.9292381], [10.2838014, 53.9291419], [10.2840787, 53.9290313], [10.2841551, 53.9288347], [10.2841137, 53.9286888], [10.2839524, 53.9284289], [10.2836078, 53.9280786], [10.2832246, 53.9276781], [10.282944, 53.9273785], [10.2827372, 53.9271529], [10.2825659, 53.926838], [10.2826378, 53.9265924], [10.282829, 53.9263325], [10.2828611, 53.9262693], [10.2829011, 53.9261348], [10.2831729, 53.9258057], [10.2835641, 53.9254755], [10.2840725, 53.9251816], [10.2843128, 53.9249694], [10.2844176, 53.9246428], [10.2845162, 53.9244015], [10.2845719, 53.9243648], [10.2847229, 53.9242655], [10.2850459, 53.9240528], [10.2852926, 53.9239334], [10.2855071, 53.9238844], [10.2856901, 53.9238712], [10.2859041, 53.9238805], [10.2861091, 53.9239243], [10.2863923, 53.9239342], [10.2867746, 53.9238971], [10.2874932, 53.923805], [10.2876569, 53.9237344], [10.2877533, 53.9236254], [10.288019, 53.9230656], [10.2881608, 53.9224671], [10.288137, 53.9220017], [10.2881426, 53.9215493], [10.288084, 53.9213026], [10.2879338, 53.9211306], [10.2879114, 53.9211049], [10.2874313, 53.9207129], [10.2872713, 53.9205407], [10.2871196, 53.9204102]]}, "properties": {"name": "Trave", "osm_way_id": 38486176, "source": "OpenStreetMap contributors, ODbL 1.0; https://overpass-api.de/api/interpreter"}}, {"type": "Feature", "geometry": {"type": "LineString", "coordinates": [[10.3025041, 53.9030178], [10.3026259, 53.9028984], [10.3027637, 53.9026543], [10.3030759, 53.9021883], [10.3033571, 53.9017596], [10.3032953, 53.9010623], [10.3034484, 53.90028], [10.3035511, 53.9000956], [10.3037576, 53.8999059], [10.3058819, 53.8987222], [10.3060897, 53.8984779], [10.306523, 53.8982916], [10.3070377, 53.8980157], [10.3070761, 53.8979959], [10.3076531, 53.8976982], [10.308105, 53.8975499], [10.3086152, 53.8973099], [10.3089397, 53.8972203], [10.3091972, 53.8971492], [10.3093595, 53.8971044], [10.3101391, 53.8969806], [10.3106427, 53.8962271], [10.310911, 53.8959712], [10.3112302, 53.8956339], [10.3115913, 53.8951368], [10.3123025, 53.8941029], [10.3133466, 53.8925115], [10.3139964, 53.8915077], [10.3151108, 53.8898262], [10.3167688, 53.8873969], [10.3171324, 53.8871804], [10.3177813, 53.8869595], [10.3187263, 53.8867423], [10.3191651, 53.8864878], [10.3198869, 53.8862896], [10.3199373, 53.8861779], [10.3199109, 53.8860589], [10.3200862, 53.8854317], [10.320172, 53.8851566], [10.3203033, 53.885039], [10.3205529, 53.8849638], [10.3208081, 53.8849244], [10.3231984, 53.8846538], [10.3238185, 53.8843551], [10.3242536, 53.8840656], [10.3246041, 53.8838249], [10.3251502, 53.8837376], [10.3261475, 53.8835782], [10.3265968, 53.8834467], [10.3267067, 53.8833349], [10.3266663, 53.8831625], [10.3266469, 53.8831337], [10.3262784, 53.8827096], [10.3263304, 53.8823601], [10.3267552, 53.8819858], [10.326984, 53.8817844]]}, "properties": {"name": "Trave", "osm_way_id": 43674460, "source": "OpenStreetMap contributors, ODbL 1.0; https://overpass-api.de/api/interpreter"}}, {"type": "Feature", "geometry": {"type": "LineString", "coordinates": [[10.3729656, 53.811169], [10.372704, 53.8110501], [10.3726255, 53.8110144], [10.3720358, 53.8109386], [10.3714039, 53.8107795], [10.3704393, 53.8105256], [10.3702952, 53.8104877], [10.3701292, 53.8103805], [10.3700941, 53.8102596], [10.370184, 53.8101365], [10.3704807, 53.8096733], [10.3705235, 53.8094226], [10.3706336, 53.8092297], [10.3707616, 53.8091162], [10.3708705, 53.809056], [10.3709897, 53.8090257], [10.3714377, 53.8089393], [10.3716252, 53.8088898], [10.3721058, 53.8087858], [10.3724801, 53.8087243], [10.3729815, 53.8086722], [10.373438, 53.8086727], [10.3738661, 53.8087419], [10.3743888, 53.8089049], [10.3747396, 53.8090333], [10.3752594, 53.809208], [10.3754305, 53.8092394]]}, "properties": {"name": "Trave", "osm_way_id": 48958147, "source": "OpenStreetMap contributors, ODbL 1.0; https://overpass-api.de/api/interpreter"}}, {"type": "Feature", "geometry": {"type": "LineString", "coordinates": [[10.3729656, 53.811169], [10.3732352, 53.8111664], [10.3737067, 53.8111619], [10.3738152, 53.8111464]]}, "properties": {"name": "Trave", "osm_way_id": 48958899, "source": "OpenStreetMap contributors, ODbL 1.0; https://overpass-api.de/api/interpreter"}}, {"type": "Feature", "geometry": {"type": "LineString", "coordinates": [[10.3459691, 53.8205601], [10.3478992, 53.820411], [10.3484046, 53.8203462], [10.3488546, 53.8203101], [10.3511013, 53.8201299], [10.3517583, 53.8200778], [10.3536531, 53.8199449], [10.353999, 53.8199032], [10.3553188, 53.8193039], [10.3558982, 53.8189745], [10.3564346, 53.8184805], [10.3567906, 53.8178256], [10.3564687, 53.8168824], [10.3564674, 53.8165264], [10.3569279, 53.8161203], [10.3573898, 53.8158033], [10.3589488, 53.8152931], [10.3611741, 53.8148726], [10.3620009, 53.814553], [10.3632508, 53.8140615], [10.3636473, 53.8139007], [10.3639652, 53.8138581], [10.3641911, 53.8138678], [10.3643718, 53.8139418], [10.3646026, 53.8141653], [10.3648475, 53.8142078], [10.3649916, 53.8141048], [10.3651478, 53.8139358], [10.3656762, 53.8131174], [10.3659208, 53.8129376], [10.36635, 53.8127469], [10.3670007, 53.8126324], [10.3681314, 53.8125764]]}, "properties": {"name": "Trave", "osm_way_id": 48964390, "source": "OpenStreetMap contributors, ODbL 1.0; https://overpass-api.de/api/interpreter"}}, {"type": "Feature", "geometry": {"type": "LineString", "coordinates": [[10.5105595, 54.0432723], [10.5104724, 54.0430577], [10.5104331, 54.043005], [10.5104034, 54.0429603], [10.5103055, 54.0428807], [10.5100735, 54.0426839], [10.5097432, 54.0423474], [10.5097359, 54.0422858], [10.5097788, 54.0421425], [10.509882, 54.0416668], [10.5099789, 54.0410086], [10.5101592, 54.0400199], [10.5103709, 54.0388858], [10.5105534, 54.037751], [10.5109588, 54.0354797], [10.5117319, 54.031], [10.5117405, 54.030934], [10.5117144, 54.0295053], [10.5118025, 54.0292543], [10.5119276, 54.0288301], [10.5119572, 54.0287269], [10.5119411, 54.0286277], [10.5118874, 54.028508], [10.5118432, 54.0284599], [10.5117527, 54.0284098], [10.5093871, 54.0276816], [10.5080276, 54.0272565], [10.506329, 54.027329], [10.5052364, 54.0273791], [10.5047589, 54.0273933], [10.5033417, 54.0274594], [10.5016637, 54.027227], [10.5014286, 54.0271328], [10.5012971, 54.0270218], [10.5008065, 54.0266581], [10.4967297, 54.0238419], [10.4946913, 54.0224135], [10.4933287, 54.0214759], [10.4924194, 54.0208906], [10.4921009, 54.0207457], [10.4908047, 54.020443], [10.4907135, 54.0204419], [10.4906229, 54.0204425], [10.4903782, 54.0205033], [10.4884662, 54.0210256], [10.4883224, 54.0210396], [10.4868325, 54.0210835], [10.4862356, 54.021064], [10.4859405, 54.0210498], [10.4854738, 54.0209498], [10.4851801, 54.0208694], [10.4849443, 54.0207861], [10.4848047, 54.0207103], [10.484673, 54.0205906], [10.4840141, 54.0196991], [10.4839115, 54.0195859], [10.4837235, 54.0194276], [10.482565, 54.0185972], [10.482392, 54.0185286], [10.4822298, 54.0184747], [10.4796596, 54.0179633], [10.4790932, 54.0180097], [10.4783631, 54.0181981], [10.4777652, 54.0182496], [10.4771167, 54.018238], [10.4766854, 54.0183586], [10.4764295, 54.0186152], [10.476231, 54.0187838], [10.4760989, 54.0189348], [10.4760084, 54.0190659], [10.4757204, 54.019222], [10.4753378, 54.0192692], [10.4748915, 54.0192858], [10.4744494, 54.0192924], [10.4741195, 54.0193325], [10.4736175, 54.0194939], [10.4729533, 54.0197861], [10.4722439, 54.0201704], [10.4720925, 54.0201955], [10.4716149, 54.0201955], [10.471058, 54.0203546], [10.4698306, 54.0207038], [10.4685404, 54.0208435], [10.4669949, 54.0209991], [10.4665614, 54.021055], [10.4662998, 54.021112], [10.465974, 54.0213497], [10.4657755, 54.0215304], [10.4649027, 54.0222711], [10.4647558, 54.0223405], [10.4645653, 54.0223549], [10.4617988, 54.0220725], [10.4596887, 54.0218571], [10.4588444, 54.0217385], [10.4585092, 54.0216223], [10.4582289, 54.0214064], [10.4577099, 54.0210066], [10.457295, 54.0207935], [10.4569168, 54.0206123], [10.4564796, 54.0203854], [10.4560571, 54.020322], [10.455624, 54.0202562], [10.4554036, 54.0201904], [10.4553637, 54.0200859], [10.4555042, 54.0197878], [10.4555889, 54.0196739], [10.4557317, 54.0195954], [10.4566044, 54.0194789], [10.4570657, 54.0194253], [10.457245, 54.019388], [10.4574157, 54.0193213], [10.4575968, 54.0192197], [10.457975, 54.0190144], [10.4587079, 54.0185708], [10.4588363, 54.0184336], [10.4588252, 54.0183211], [10.4587877, 54.0182207], [10.4587146, 54.0180971], [10.458618, 54.0179805], [10.4572937, 54.016502], [10.4569738, 54.0162823], [10.4563864, 54.0159561], [10.4554208, 54.0154092], [10.4534838, 54.0142996], [10.4531338, 54.0140829], [10.4530296, 54.0139447], [10.4545472, 54.0121732], [10.4546242, 54.01212], [10.4550694, 54.011934], [10.4591274, 54.0100784], [10.4606433, 54.0094007], [10.4611524, 54.0093429], [10.4621434, 54.0093172], [10.4626844, 54.0092961], [10.4633034, 54.009194], [10.4636369, 54.0088021], [10.4639644, 54.008512], [10.4641149, 54.0081929], [10.4641948, 54.0077703], [10.4642875, 54.0075523], [10.464459, 54.0073741], [10.4645942, 54.0073016], [10.4647469, 54.0072671], [10.4650813, 54.0072329], [10.4653642, 54.007196], [10.4658057, 54.0072384], [10.4659822, 54.0072382], [10.466152, 54.0072064], [10.4666271, 54.0070417]]}, "properties": {"name": "Trave", "osm_way_id": 50131713, "source": "OpenStreetMap contributors, ODbL 1.0; https://overpass-api.de/api/interpreter"}}, {"type": "Feature", "geometry": {"type": "LineString", "coordinates": [[10.4255967, 53.8132057], [10.4259564, 53.8132256], [10.4264099, 53.8133335], [10.4267599, 53.8134884], [10.4281808, 53.8140853], [10.4296202, 53.8146367], [10.430091, 53.8147693], [10.4305597, 53.8148659], [10.4315458, 53.8150434], [10.4324058, 53.8152544], [10.4328126, 53.8153958], [10.4331973, 53.8155648], [10.4335908, 53.8158214], [10.4339561, 53.8161387], [10.434431, 53.8165262], [10.4349528, 53.8168939], [10.4360007, 53.8175782], [10.4371, 53.8182326], [10.4381029, 53.8186757], [10.4390771, 53.8190089], [10.439925, 53.819258], [10.4407815, 53.8193951], [10.4417069, 53.819519], [10.4426376, 53.8195978], [10.4433717, 53.8196383], [10.444443, 53.8198264], [10.4454212, 53.8200841], [10.4464091, 53.8202675], [10.4470219, 53.8203334], [10.4476435, 53.8203346], [10.448276, 53.8202162], [10.4489256, 53.8199837], [10.4498341, 53.8195516], [10.4502542, 53.8193063], [10.450714, 53.8190805], [10.4525666, 53.8182499], [10.4527989, 53.8181969], [10.4530554, 53.8181699], [10.4533989, 53.8182364], [10.4544239, 53.8185197], [10.4547053, 53.8185245], [10.4549125, 53.8184788], [10.4551111, 53.8183505], [10.4554564, 53.8179567], [10.4556408, 53.8178375], [10.4559676, 53.817707], [10.4562199, 53.8176559], [10.4563805, 53.8176696], [10.456515, 53.8177081], [10.4568192, 53.8178216], [10.4575324, 53.8182491], [10.45823, 53.8187094], [10.458598, 53.8189147], [10.4590769, 53.8191037], [10.4593416, 53.8191528], [10.4598669, 53.8192501], [10.4601301, 53.8192945], [10.4604452, 53.819317], [10.4608465, 53.8193128], [10.4612165, 53.8192836], [10.4615274, 53.8192449], [10.4618443, 53.8191748], [10.462257, 53.8190596], [10.4626698, 53.8188881], [10.4636786, 53.8182686], [10.4642004, 53.8179215], [10.4644834, 53.8177831], [10.4647791, 53.8176689], [10.4651864, 53.8175978], [10.4656084, 53.8175618], [10.465947, 53.8175665], [10.466302, 53.8176099], [10.4668424, 53.817697], [10.4673819, 53.8178169], [10.4679046, 53.8179961], [10.46839, 53.8182138], [10.4688502, 53.8184924], [10.469202, 53.8186852], [10.4699696, 53.8190622], [10.4703731, 53.8192058], [10.4708236, 53.8193198], [10.4712861, 53.819411], [10.4713813, 53.8194407], [10.4719237, 53.8195322], [10.4726434, 53.8196019], [10.473638, 53.8196327], [10.4739724, 53.8196286], [10.4743129, 53.8195843], [10.4749887, 53.8194562], [10.4755618, 53.8193153], [10.476098, 53.8191225], [10.4766749, 53.8188465], [10.4771998, 53.818497], [10.4773846, 53.8183832], [10.4779144, 53.817899], [10.4783101, 53.8175341], [10.4787346, 53.8172873], [10.4801594, 53.8165889], [10.4831597, 53.8156125], [10.4841339, 53.8152886], [10.4856638, 53.8144797], [10.4877801, 53.8138435], [10.4880102, 53.8137015], [10.4887468, 53.8122597], [10.4889538, 53.8117447], [10.4886851, 53.8109285], [10.487139, 53.8092155], [10.4870253, 53.8086837], [10.4873466, 53.8083796], [10.4878074, 53.8081059], [10.4887709, 53.8078148], [10.490193, 53.8075129], [10.4912922, 53.8074727], [10.4933671, 53.8076913], [10.4942265, 53.8077381], [10.4948917, 53.8076114], [10.495559, 53.8073514], [10.4961346, 53.8070422], [10.4977499, 53.8067777], [10.4985213, 53.8068607], [10.5009787, 53.8079596], [10.5023227, 53.8082405], [10.5031921, 53.8082554], [10.504001, 53.8081002], [10.5045632, 53.8079038], [10.5052257, 53.8075744], [10.5062428, 53.8066475], [10.5072009, 53.8061289], [10.5078317, 53.8059161], [10.5086107, 53.8059664], [10.5102425, 53.8065927], [10.5111496, 53.8068927], [10.5119945, 53.8071141], [10.5127622, 53.8072275], [10.5135003, 53.8076105], [10.5136516, 53.8083032], [10.5131919, 53.8092855], [10.5131447, 53.8098167], [10.5135669, 53.8101826], [10.5148458, 53.8107563], [10.5158715, 53.8110189], [10.5196455, 53.8111188], [10.5221409, 53.8108503], [10.5240943, 53.8109965], [10.5261101, 53.8097618], [10.527085, 53.8094849], [10.5281719, 53.8093427], [10.5296708, 53.8095791], [10.5315296, 53.8096897], [10.5342338, 53.8101471], [10.5355698, 53.8105407], [10.5371783, 53.8107847], [10.537902, 53.8110207], [10.5393386, 53.8128365], [10.5399818, 53.8131821], [10.5416385, 53.8136524], [10.5424752, 53.8138899], [10.5430878, 53.8142002], [10.5433411, 53.8144176], [10.5436148, 53.8147067], [10.5437825, 53.8149164]]}, "properties": {"name": "Trave", "osm_way_id": 50323403, "source": "OpenStreetMap contributors, ODbL 1.0; https://overpass-api.de/api/interpreter"}}, {"type": "Feature", "geometry": {"type": "LineString", "coordinates": [[11.9901525, 53.8417179], [11.9900791, 53.8418809], [11.989886, 53.8423508], [11.9898283, 53.8426395], [11.9898823, 53.8427786], [11.9899913, 53.8429373], [11.9914413, 53.8432943], [11.9916154, 53.8434805], [11.9915541, 53.8438396], [11.9915201, 53.8450586], [11.9913926, 53.8453045], [11.9908603, 53.845521], [11.9894183, 53.8459966], [11.9886542, 53.8460923], [11.9880828, 53.8462991], [11.9870097, 53.8466876], [11.9865685, 53.8467707]]}, "properties": {"name": "Warnow", "osm_way_id": 55887797, "source": "OpenStreetMap contributors, ODbL 1.0; https://overpass-api.de/api/interpreter"}}, {"type": "Feature", "geometry": {"type": "LineString", "coordinates": [[10.3681314, 53.8125764], [10.3683791, 53.8125731], [10.3687025, 53.8125505], [10.3693027, 53.8125396], [10.3697319, 53.8125622], [10.370252, 53.8126308], [10.370612, 53.812694], [10.3715576, 53.8128829], [10.3722145, 53.8129658], [10.3724708, 53.8129761], [10.3728217, 53.8128813], [10.3729784, 53.8127882], [10.3731112, 53.8126907], [10.3733017, 53.8124675], [10.3733344, 53.8124053], [10.373363, 53.8120033], [10.3733785, 53.8117043], [10.3729656, 53.811169]]}, "properties": {"name": "Trave", "osm_way_id": 119406607, "source": "OpenStreetMap contributors, ODbL 1.0; https://overpass-api.de/api/interpreter"}}, {"type": "Feature", "geometry": {"type": "LineString", "coordinates": [[10.4608303, 53.9972166], [10.4607012, 53.9970973], [10.4605311, 53.9969985], [10.4593378, 53.9960319], [10.4588319, 53.9956241], [10.458186, 53.9951078], [10.4576981, 53.9947211], [10.4574797, 53.9945465], [10.4552575, 53.992754], [10.4548, 53.9924045], [10.4547902, 53.9921253], [10.4547734, 53.992052], [10.4547565, 53.9919783], [10.4543725, 53.9905743], [10.4542033, 53.9904613], [10.4513253, 53.9885406], [10.4488189, 53.9868564], [10.4483829, 53.986533], [10.4482686, 53.9864522], [10.4480387, 53.9863368], [10.4478025, 53.9862855], [10.4475431, 53.9862367], [10.4466676, 53.9860263], [10.4428975, 53.9850687], [10.4380893, 53.9838357], [10.432584, 53.9824401], [10.4289918, 53.9815059], [10.4286208, 53.9814458], [10.4273652, 53.9810152], [10.4265628, 53.9808209], [10.4247347, 53.980442], [10.421986, 53.9798421], [10.4207012, 53.9795755], [10.4204163, 53.9795603], [10.4202014, 53.9794734]]}, "properties": {"name": "Trave", "osm_way_id": 130522960, "source": "OpenStreetMap contributors, ODbL 1.0; https://overpass-api.de/api/interpreter"}}, {"type": "Feature", "geometry": {"type": "LineString", "coordinates": [[11.7740562, 53.7176834], [11.7740758, 53.7174595], [11.7742018, 53.7172448], [11.7743802, 53.7170844], [11.7744111, 53.7166581], [11.7743322, 53.7164246], [11.7741058, 53.7162317], [11.7739137, 53.7160957], [11.7740395, 53.7159799], [11.7745566, 53.7159214], [11.7751883, 53.7159626], [11.7756964, 53.7159619], [11.7762776, 53.7160231], [11.7766351, 53.7161103], [11.7769903, 53.7161282], [11.7773545, 53.7161662], [11.7776343, 53.7164404], [11.7777887, 53.7168236], [11.7778358, 53.7174402], [11.7780417, 53.7180441], [11.7783461, 53.7184857], [11.7785048, 53.7187648], [11.7785176, 53.718877]]}, "properties": {"name": "Warnow", "osm_way_id": 147521821, "source": "OpenStreetMap contributors, ODbL 1.0; https://overpass-api.de/api/interpreter"}}, {"type": "Feature", "geometry": {"type": "LineString", "coordinates": [[10.5437825, 53.8149164], [10.5452121, 53.8167356], [10.5459229, 53.8171726], [10.5485681, 53.8183871], [10.5495658, 53.8187538], [10.5505347, 53.8190294], [10.5510786, 53.819347], [10.5524895, 53.8209408], [10.5528853, 53.8210868], [10.5535983, 53.8211669], [10.5543284, 53.8211124], [10.5556727, 53.8209066], [10.5563744, 53.8209468], [10.5572026, 53.8213085], [10.5574912, 53.8215447], [10.5579848, 53.822008], [10.5581205, 53.8225767], [10.5579842, 53.8230802], [10.5576076, 53.823582], [10.5569886, 53.8240184], [10.555949, 53.824341], [10.5551481, 53.8247318]]}, "properties": {"name": "Trave", "osm_way_id": 148675292, "source": "OpenStreetMap contributors, ODbL 1.0; https://overpass-api.de/api/interpreter"}}, {"type": "Feature", "geometry": {"type": "LineString", "coordinates": [[10.6896181, 53.87554], [10.6895298, 53.8762212], [10.6895902, 53.8769135], [10.6898009, 53.878994], [10.6900421, 53.880998], [10.6911184, 53.8828535], [10.6914644, 53.8830768], [10.6920512, 53.8834555], [10.6924545, 53.8837751], [10.6929161, 53.8841001], [10.6937706, 53.884556], [10.6966665, 53.8861008], [10.6974795, 53.8865614]]}, "properties": {"name": "Trave", "osm_way_id": 151911421, "source": "OpenStreetMap contributors, ODbL 1.0; https://overpass-api.de/api/interpreter"}}, {"type": "Feature", "geometry": {"type": "LineString", "coordinates": [[10.4644372, 54.0000681], [10.464271, 54.0000412], [10.464161, 54.0000412], [10.4638716, 54.0001106], [10.4637321, 54.0000885], [10.4634583, 53.9999561], [10.4630935, 53.999789], [10.4630669, 53.9997638], [10.4623159, 53.9995494], [10.4622427, 53.999518], [10.4622247, 53.9994737], [10.4622617, 53.9994388], [10.4623374, 53.9994169], [10.4625129, 53.9993709], [10.4625892, 53.9993412], [10.4627616, 53.9993159], [10.462865, 53.9992939], [10.4629235, 53.9992674], [10.4629489, 53.9992214], [10.4629275, 53.9991521], [10.4627558, 53.9990638], [10.4625949, 53.9989471], [10.4625412, 53.9988872], [10.4624178, 53.9988241], [10.4623106, 53.9986854], [10.4621925, 53.9986665], [10.4620474, 53.9987295], [10.4619671, 53.9987804], [10.4618758, 53.9987957], [10.4618086, 53.9987897], [10.461758, 53.9987674], [10.4617251, 53.9987408], [10.4617309, 53.9986915], [10.4617965, 53.9986076], [10.4619562, 53.9984962], [10.4619701, 53.9984599], [10.4619619, 53.99843], [10.4619353, 53.998395], [10.4618507, 53.9983698], [10.4617692, 53.9983856], [10.4616293, 53.9984205], [10.461522, 53.998411], [10.4614601, 53.9983971], [10.4614147, 53.9983669], [10.4614307, 53.9982971], [10.4614756, 53.9982534], [10.4615807, 53.9981949], [10.4616339, 53.9981461], [10.4616022, 53.9980894], [10.4614627, 53.9980484], [10.4612806, 53.9980642], [10.4611408, 53.9981083], [10.4609821, 53.9981307], [10.4608565, 53.9981304], [10.4607843, 53.9981244], [10.460712, 53.9980989], [10.4607117, 53.9980056], [10.4607167, 53.9978924], [10.4606744, 53.9977457], [10.4607461, 53.9975702], [10.4608139, 53.9974235], [10.4608303, 53.9972166]]}, "properties": {"name": "Trave", "osm_way_id": 226112319, "source": "OpenStreetMap contributors, ODbL 1.0; https://overpass-api.de/api/interpreter"}}, {"type": "Feature", "geometry": {"type": "LineString", "coordinates": [[10.4677171, 54.0027533], [10.4676157, 54.0027402], [10.4674229, 54.0027024], [10.4673301, 54.0026708], [10.4672459, 54.002626], [10.4671825, 54.0025636], [10.4671224, 54.0024659], [10.4671168, 54.0023768], [10.4671505, 54.0023075]]}, "properties": {"name": "Trave", "osm_way_id": 226112718, "source": "OpenStreetMap contributors, ODbL 1.0; https://overpass-api.de/api/interpreter"}}, {"type": "Feature", "geometry": {"type": "LineString", "coordinates": [[10.4688071, 54.0035888], [10.4686671, 54.0035434], [10.4685585, 54.003541], [10.468426, 54.0035127], [10.4682221, 54.0034023], [10.4681521, 54.0033172], [10.4680988, 54.0032321], [10.468116, 54.0031705], [10.4681447, 54.0031058]]}, "properties": {"name": "Trave", "osm_way_id": 226112724, "source": "OpenStreetMap contributors, ODbL 1.0; https://overpass-api.de/api/interpreter"}}, {"type": "Feature", "geometry": {"type": "LineString", "coordinates": [[11.8726151, 53.5431636], [11.8724372, 53.5430469], [11.8719406, 53.5427827], [11.8717146, 53.5427364], [11.8712847, 53.5427012], [11.8702546, 53.5427474], [11.8696691, 53.5428289], [11.868965, 53.5429478], [11.8683684, 53.5430733], [11.8680237, 53.5430976], [11.8673641, 53.5430954], [11.8666526, 53.5430051], [11.866397, 53.5429853], [11.865641, 53.5429368], [11.8654298, 53.5429126], [11.865163, 53.5428642], [11.8645775, 53.5428862], [11.8641773, 53.542906], [11.8636992, 53.5429919], [11.8634546, 53.5430469], [11.8630989, 53.5430733], [11.8616574, 53.5430095], [11.8610423, 53.542972], [11.8602048, 53.5428047], [11.8599679, 53.5427157], [11.859812, 53.5426572], [11.8597082, 53.5426373], [11.8591672, 53.5427188], [11.8581823, 53.5427648], [11.8579392, 53.542841], [11.8574761, 53.5428377], [11.8573181, 53.5428608], [11.8570793, 53.5429457], [11.8568478, 53.5429852], [11.856614, 53.5431438], [11.8563834, 53.5433453], [11.8564209, 53.5434886], [11.8562782, 53.5437304], [11.8559528, 53.5441691], [11.855912, 53.5442748], [11.8557933, 53.5443276], [11.8556591, 53.5443169], [11.855546, 53.544296], [11.8554025, 53.5443186], [11.8552967, 53.5443895], [11.855107, 53.5444173], [11.8548817, 53.5444035], [11.8546394, 53.544278], [11.854372, 53.5442822], [11.8539755, 53.544302], [11.853768, 53.5443527], [11.8532344, 53.5445024], [11.8531052, 53.5445434], [11.8529247, 53.5446006], [11.8523747, 53.5447953], [11.8521735, 53.544976], [11.8519063, 53.5454085], [11.8518244, 53.5455966], [11.8518395, 53.5457907], [11.851848, 53.5459586], [11.8519193, 53.5466007], [11.8518491, 53.5468634], [11.8517124, 53.5470955], [11.8513983, 53.5474292], [11.8508727, 53.5476921], [11.8492823, 53.5479312], [11.8489088, 53.5479831], [11.8486454, 53.5480061], [11.8483821, 53.5479848], [11.8481716, 53.5479488], [11.8477054, 53.5477475], [11.8473679, 53.547468], [11.8471487, 53.547359], [11.8468409, 53.5472565], [11.8465523, 53.5472249], [11.8462613, 53.5472541], [11.8456903, 53.5474009], [11.8455824, 53.5474555], [11.8455453, 53.5475794], [11.8455194, 53.547808], [11.845316, 53.5480458], [11.8452073, 53.5482531], [11.8452484, 53.5485051], [11.8451937, 53.548749], [11.8449473, 53.5492856], [11.8448789, 53.5497491], [11.8442084, 53.5500743], [11.8440305, 53.550245], [11.8438252, 53.5505946], [11.8436473, 53.5507816], [11.8428673, 53.5516271], [11.8428263, 53.5518466], [11.8427168, 53.5520255], [11.8423473, 53.5521393], [11.8422652, 53.5523994], [11.842402, 53.5526677], [11.8425762, 53.5529568], [11.8424705, 53.5533587], [11.8421968, 53.5537002], [11.8422652, 53.5539603], [11.8422652, 53.5541392], [11.8418683, 53.5544237], [11.8418683, 53.5546838], [11.8417536, 53.5549152], [11.8415082, 53.5550356], [11.8412045, 53.5550127], [11.8410277, 53.5549417], [11.8409929, 53.5548407], [11.8409104, 53.5545294], [11.8407315, 53.5544996], [11.8405683, 53.5544725], [11.8402536, 53.55457], [11.8399799, 53.5547976], [11.8396515, 53.5547407], [11.8393094, 53.5546757], [11.8388304, 53.5547326], [11.8384883, 53.554692], [11.8383378, 53.5547732], [11.8380915, 53.555074], [11.8381599, 53.5552529], [11.8381873, 53.5557081], [11.8379136, 53.5559032], [11.8378318, 53.555905], [11.8375425, 53.5559268], [11.8373833, 53.5559035], [11.8372567, 53.5557894], [11.8371011, 53.555648], [11.8366546, 53.5557406], [11.8366957, 53.5560089], [11.8367856, 53.5561633], [11.8367294, 53.5562418], [11.8365942, 53.5563079], [11.8363865, 53.5563212], [11.836153, 53.5562028], [11.835861, 53.5560633], [11.8357761, 53.5560022], [11.8357514, 53.5559276], [11.8356746, 53.5558203], [11.835687, 53.5556807], [11.8357544, 53.5556094], [11.8357802, 53.5554143], [11.8357528, 53.5552204], [11.8356928, 53.5551748], [11.835608, 53.5551794], [11.8354744, 53.5552158], [11.8354097, 53.5551967], [11.8352451, 53.5549846], [11.835281, 53.5548652], [11.8352322, 53.5547894], [11.8349997, 53.5546833], [11.8348736, 53.5546845], [11.8347294, 53.5546838], [11.8345984, 53.5546703], [11.834356, 53.5544571], [11.8342076, 53.5544109], [11.833967, 53.5543738], [11.8336484, 53.5543226], [11.8326695, 53.5544195], [11.8319744, 53.5541431], [11.8313285, 53.5544878], [11.8307045, 53.5549691], [11.8303113, 53.5551011], [11.8300067, 53.5551691], [11.8293316, 53.5552389], [11.8283461, 53.555347], [11.8280442, 53.5554698], [11.8279348, 53.5556519], [11.8279676, 53.5558665], [11.8279572, 53.5562297], [11.8279019, 53.5563608], [11.8277448, 53.5565662], [11.8275614, 53.55673], [11.8273467, 53.5569064], [11.8272998, 53.5569525], [11.8271834, 53.5570288], [11.8269823, 53.5571606], [11.8266977, 53.5572387], [11.8263474, 53.5572322], [11.8259423, 53.5571281], [11.8255592, 53.5570891], [11.8252745, 53.5571476], [11.824968, 53.5572972], [11.824552, 53.5576549], [11.8243002, 53.5579475], [11.8242236, 53.5582206], [11.8242893, 53.5588644], [11.8239705, 53.5593541], [11.8237605, 53.5595361], [11.8233749, 53.5598701], [11.822833, 53.5602629], [11.8226187, 53.5604182], [11.8219228, 53.5607391], [11.8215547, 53.560858], [11.8213535, 53.560923], [11.8209787, 53.5611394], [11.8205349, 53.5613974], [11.8203131, 53.5615264], [11.8189048, 53.5620341], [11.8187367, 53.5620466], [11.8182953, 53.5620258], [11.8176997, 53.5619134], [11.8164316, 53.561593], [11.815829, 53.5612892], [11.8156328, 53.5612268], [11.8154717, 53.5612185], [11.8152055, 53.561335], [11.8149672, 53.5615847], [11.814666, 53.561826], [11.8143715, 53.5620013], [11.8141363, 53.5620616], [11.8139549, 53.5620298], [11.8137559, 53.5619367], [11.8135128, 53.5617377], [11.8132605, 53.5614859], [11.8130389, 53.5612423], [11.8127861, 53.5610907], [11.8125458, 53.5610491], [11.8119296, 53.5610391], [11.8114546, 53.5610775], [11.8103627, 53.5612899], [11.8100539, 53.5613437], [11.8097185, 53.5613227], [11.8086424, 53.561147], [11.8083549, 53.5611127], [11.8076116, 53.5610985], [11.8069618, 53.5610829], [11.8059639, 53.5609523], [11.8054894, 53.560899], [11.8051641, 53.5609128], [11.8049468, 53.5609523], [11.8040395, 53.561248], [11.8038813, 53.5612887], [11.8036666, 53.5612584], [11.8033809, 53.5611396], [11.8030272, 53.5609287], [11.8027765, 53.5607215], [11.8025759, 53.560629], [11.8023338, 53.5605999], [11.8019883, 53.5606168], [11.8016077, 53.560654], [11.7992695, 53.5611574], [11.7990414, 53.5612487], [11.7987672, 53.5614048], [11.7985969, 53.561465], [11.7982635, 53.5614822], [11.7974703, 53.5614281], [11.7970294, 53.5614278], [11.7968151, 53.5614262], [11.7966816, 53.5613929], [11.7965211, 53.5613238], [11.7962048, 53.5611262], [11.7960003, 53.5610915], [11.7955298, 53.5611373], [11.79451, 53.561336], [11.7940065, 53.5615772], [11.7936561, 53.5619727], [11.7938815, 53.5635452], [11.7938571, 53.5639173], [11.7926799, 53.5656333], [11.7914056, 53.5678189], [11.7913719, 53.5681374], [11.7914464, 53.568329], [11.7916818, 53.5685292], [11.7923168, 53.5690109], [11.7932931, 53.5697794], [11.7940436, 53.5701061], [11.7952899, 53.5706025], [11.7957725, 53.5708958], [11.7961994, 53.5712115], [11.7962574, 53.5712968], [11.7962491, 53.5714182], [11.7961088, 53.5717026], [11.7960411, 53.5717958], [11.7958668, 53.5719986], [11.7957179, 53.5721029], [11.7954249, 53.5721877], [11.7951038, 53.5722072], [11.7940832, 53.5721797], [11.7931515, 53.5721683], [11.792812, 53.5722114], [11.7921474, 53.5723513], [11.7917495, 53.5723788], [11.7894256, 53.5725372], [11.7884792, 53.5727734], [11.7879635, 53.5730649], [11.7877209, 53.5734302], [11.7874659, 53.5742541], [11.7874765, 53.5748896], [11.7883964, 53.5757272], [11.7884305, 53.5759923], [11.7882322, 53.5762351], [11.7876902, 53.576507], [11.7870525, 53.5767115], [11.7858254, 53.576875], [11.7840261, 53.5770602], [11.7823341, 53.5773998], [11.781072, 53.5776874], [11.7805784, 53.5779374], [11.7804551, 53.578019], [11.7800661, 53.5782763], [11.779608, 53.5785234], [11.7788371, 53.5786047], [11.777908, 53.5784234], [11.7772074, 53.5782132], [11.7763722, 53.5781862], [11.7758985, 53.5782339], [11.7746609, 53.5785038], [11.7732798, 53.5787082], [11.7728632, 53.5787996], [11.7722418, 53.5790539], [11.7717372, 53.5793813], [11.7715378, 53.579897], [11.7696519, 53.5873265], [11.769566, 53.5876009], [11.7692358, 53.5884726], [11.7690639, 53.588996], [11.7693192, 53.589273], [11.7701061, 53.5897639], [11.7710064, 53.5899854], [11.7712693, 53.590266]]}, "properties": {"name": "Warnow", "osm_way_id": 232729507, "source": "OpenStreetMap contributors, ODbL 1.0; https://overpass-api.de/api/interpreter"}}, {"type": "Feature", "geometry": {"type": "LineString", "coordinates": [[10.6853494, 53.8583549], [10.6853326, 53.8584177], [10.6853155, 53.8584805]]}, "properties": {"name": "Trave", "osm_way_id": 243359887, "source": "OpenStreetMap contributors, ODbL 1.0; https://overpass-api.de/api/interpreter"}}, {"type": "Feature", "geometry": {"type": "LineString", "coordinates": [[10.3951588, 53.8137068], [10.3955091, 53.8136413], [10.3991185, 53.8126786], [10.3997324, 53.8126332], [10.4002991, 53.8126815], [10.4006765, 53.8128362], [10.4009029, 53.8130262], [10.4012889, 53.8133909], [10.401838, 53.8137707], [10.4022208, 53.813971], [10.4027232, 53.8141411], [10.4033555, 53.8143071], [10.403704, 53.8143495], [10.4040437, 53.8143384], [10.4043424, 53.8143083], [10.4046243, 53.8142332], [10.4048091, 53.8141468], [10.4049621, 53.8140013], [10.4051435, 53.8137299], [10.4052723, 53.8131978], [10.4054344, 53.8128759], [10.4056156, 53.8126657], [10.4060013, 53.8123658], [10.4066922, 53.8119339], [10.4076793, 53.811391], [10.407958, 53.8112422], [10.4082942, 53.8111188], [10.4086066, 53.8110564], [10.4089263, 53.8110047], [10.4092535, 53.8109923], [10.4098151, 53.8109864], [10.4103852, 53.8110344], [10.4110819, 53.8110778], [10.4119619, 53.8112048], [10.4123731, 53.8112579], [10.4127644, 53.8113588], [10.4130496, 53.8114511], [10.4133919, 53.811626], [10.4137173, 53.8118949], [10.4140959, 53.8123154], [10.4142993, 53.812448], [10.4146004, 53.8125548], [10.4149236, 53.8126381], [10.4152697, 53.8126921], [10.4161546, 53.812676], [10.4164499, 53.8127069], [10.4167427, 53.8127681], [10.417593, 53.8131429], [10.4178112, 53.8132002], [10.4188399, 53.8136415], [10.4193817, 53.8138179], [10.4199022, 53.8139825], [10.4202822, 53.8141948], [10.4207957, 53.814557], [10.4213307, 53.8149076], [10.421696, 53.815044], [10.4219896, 53.8149593], [10.4219731, 53.8143986], [10.4220274, 53.8137614], [10.422542, 53.8136316], [10.4233854, 53.8134327], [10.4238019, 53.81337], [10.4249535, 53.8132321], [10.4255967, 53.8132057]]}, "properties": {"name": "Trave", "osm_way_id": 323731169, "source": "OpenStreetMap contributors, ODbL 1.0; https://overpass-api.de/api/interpreter"}}, {"type": "Feature", "geometry": {"type": "LineString", "coordinates": [[10.3738152, 53.8111464], [10.374176, 53.8110751], [10.3745006, 53.8110253], [10.3747728, 53.8109846], [10.3752325, 53.8108528], [10.3755051, 53.8107783], [10.3758175, 53.8107077], [10.3760967, 53.8106163], [10.3764646, 53.8105022], [10.3768323, 53.8103692], [10.3771439, 53.8102394], [10.3773762, 53.8101465], [10.3775355, 53.8100904], [10.3779333, 53.8099961]]}, "properties": {"name": "Trave", "osm_way_id": 323731170, "source": "OpenStreetMap contributors, ODbL 1.0; https://overpass-api.de/api/interpreter"}}, {"type": "Feature", "geometry": {"type": "LineString", "coordinates": [[10.3178251, 53.8637915], [10.3180202, 53.8637321], [10.3180972, 53.862545], [10.3181413, 53.8616801], [10.3181884, 53.8607565], [10.3181894, 53.8607366], [10.3182657, 53.8592408], [10.318269, 53.8591769], [10.3183286, 53.8576476], [10.3183369, 53.8574336], [10.3183555, 53.8570112], [10.3183901, 53.8562265], [10.3184058, 53.8558712], [10.3184277, 53.8553349], [10.3184428, 53.854967], [10.3184506, 53.8547762], [10.3184542, 53.8546882], [10.3184701, 53.8542991], [10.3184736, 53.8542138], [10.3185277, 53.8540655], [10.3184934, 53.8539158], [10.3184165, 53.853735], [10.3181332, 53.8530693], [10.3180396, 53.8527671], [10.3179104, 53.8523498], [10.3178317, 53.852112], [10.3176539, 53.851696], [10.3176457, 53.8516697], [10.3173913, 53.8508503], [10.3174284, 53.8507263], [10.3175269, 53.8505438], [10.3178222, 53.8503939], [10.3182253, 53.8500681], [10.3186063, 53.8497718], [10.3186799, 53.8497145], [10.3193496, 53.8491936], [10.3199047, 53.8487619], [10.3201789, 53.8485968], [10.3204315, 53.8485004], [10.3212042, 53.8483051], [10.3216929, 53.8481786], [10.3221731, 53.8480211], [10.3226865, 53.8475774], [10.3229553, 53.847345], [10.3229985, 53.8469349], [10.322963, 53.8466644], [10.322917, 53.8463533], [10.3229233, 53.846183], [10.3230095, 53.8460962], [10.323851, 53.8458663], [10.3241415, 53.8457861], [10.3243233, 53.8457096], [10.3243843, 53.8456628], [10.324473, 53.845544], [10.3245275, 53.8453747], [10.3244835, 53.8451902], [10.3243641, 53.8450135], [10.3239938, 53.8446904], [10.3235256, 53.8444526], [10.3221007, 53.8439542], [10.3219409, 53.8438979], [10.3215346, 53.8437294], [10.3213382, 53.8436036], [10.3212847, 53.8434296], [10.3216708, 53.8427839], [10.3220776, 53.8421445], [10.3221208, 53.8420766], [10.3222372, 53.8416701], [10.322177, 53.8415809], [10.3217707, 53.8409785], [10.3216462, 53.8407289], [10.3215823, 53.8404548], [10.3216082, 53.840402], [10.3217681, 53.8400757], [10.3220314, 53.839841], [10.3222522, 53.8395119], [10.3221191, 53.839179], [10.3214813, 53.8386823], [10.3214523, 53.8384199], [10.3215079, 53.8381158], [10.3224212, 53.8377523], [10.3229921, 53.8372994], [10.3234144, 53.8369644], [10.3236601, 53.8367693], [10.32484, 53.8362863], [10.3248581, 53.836273], [10.325287, 53.835957], [10.3254209, 53.8351642], [10.3257508, 53.8343704], [10.3258998, 53.8342573], [10.3261243, 53.8341826], [10.3271141, 53.834271], [10.3277192, 53.8341812], [10.3281596, 53.8339092], [10.3288334, 53.8329348], [10.3289306, 53.832569], [10.3289324, 53.8322592], [10.3289589, 53.8319608], [10.3291638, 53.8309771], [10.3294574, 53.829819], [10.3296354, 53.8296101], [10.329959, 53.8292302], [10.3309452, 53.8289308], [10.3319086, 53.8286515], [10.3331742, 53.8282175], [10.3342516, 53.8276489], [10.3350554, 53.827447], [10.3357166, 53.8270163], [10.3358385, 53.8269156], [10.3362582, 53.8265688], [10.3369251, 53.8263064], [10.340602, 53.8263097], [10.3413405, 53.8264828], [10.3416224, 53.8265587], [10.3418677, 53.8265486], [10.3420671, 53.8264914], [10.3421506, 53.8263745], [10.3421859, 53.8260467], [10.3422067, 53.8257332], [10.3420956, 53.8254854], [10.3416505, 53.8249643], [10.3414059, 53.8246618], [10.3408324, 53.8241428], [10.3406777, 53.8238828], [10.3407468, 53.8237114], [10.341204, 53.8225784], [10.3412981, 53.8224267], [10.3421772, 53.8215108], [10.3435686, 53.820876], [10.343939, 53.8207277], [10.3442225, 53.8206792], [10.3459691, 53.8205601]]}, "properties": {"name": "Trave", "osm_way_id": 323731171, "source": "OpenStreetMap contributors, ODbL 1.0; https://overpass-api.de/api/interpreter"}}, {"type": "Feature", "geometry": {"type": "LineString", "coordinates": [[10.3301948, 53.8725914], [10.33043, 53.8724357], [10.3306509, 53.8722895], [10.3307596, 53.8722097], [10.3306847, 53.8720791], [10.3305462, 53.871828], [10.3301797, 53.8714575], [10.329722, 53.8712243], [10.3295495, 53.8713201], [10.3292802, 53.8715259]]}, "properties": {"name": "Trave", "osm_way_id": 323731173, "source": "OpenStreetMap contributors, ODbL 1.0; https://overpass-api.de/api/interpreter"}}, {"type": "Feature", "geometry": {"type": "LineString", "coordinates": [[11.5791792, 53.631368], [11.5787683, 53.6318674]]}, "properties": {"name": "Warnow", "osm_way_id": 432900098, "source": "OpenStreetMap contributors, ODbL 1.0; https://overpass-api.de/api/interpreter"}}, {"type": "Feature", "geometry": {"type": "LineString", "coordinates": [[11.5797027, 53.642801], [11.5796216, 53.6430782]]}, "properties": {"name": "Warnow", "osm_way_id": 432900100, "source": "OpenStreetMap contributors, ODbL 1.0; https://overpass-api.de/api/interpreter"}}, {"type": "Feature", "geometry": {"type": "LineString", "coordinates": [[11.5717837, 53.6236531], [11.5718589, 53.6237259], [11.5720509, 53.6239119]]}, "properties": {"name": "Warnow", "osm_way_id": 433869778, "source": "OpenStreetMap contributors, ODbL 1.0; https://overpass-api.de/api/interpreter"}}, {"type": "Feature", "geometry": {"type": "LineString", "coordinates": [[11.5720509, 53.6239119], [11.5723718, 53.6241344], [11.5724534, 53.6241777]]}, "properties": {"name": "Warnow", "osm_way_id": 433869779, "source": "OpenStreetMap contributors, ODbL 1.0; https://overpass-api.de/api/interpreter"}}, {"type": "Feature", "geometry": {"type": "LineString", "coordinates": [[11.8423761, 53.7623284], [11.842567, 53.7623107], [11.8426663, 53.7623154], [11.8428138, 53.7623551], [11.8428969, 53.7624312], [11.8429399, 53.7625644], [11.8429345, 53.7626976], [11.8428138, 53.762799], [11.8427655, 53.7628387], [11.8426099, 53.7628878], [11.8424531, 53.7628939]]}, "properties": {"name": "Warnow", "osm_way_id": 524729077, "source": "OpenStreetMap contributors, ODbL 1.0; https://overpass-api.de/api/interpreter"}}, {"type": "Feature", "geometry": {"type": "LineString", "coordinates": [[11.6073474, 53.6905611], [11.607656, 53.6905243], [11.6086015, 53.6904823], [11.6093018, 53.6904363], [11.6097057, 53.6904124], [11.6100724, 53.69039], [11.6109549, 53.6903347], [11.6122055, 53.6902597], [11.61308, 53.6902073], [11.6153098, 53.69009], [11.6158591, 53.690158], [11.6160993, 53.6902586], [11.6162705, 53.6903303], [11.6167644, 53.6906152], [11.6174816, 53.6911604], [11.6179124, 53.6916599], [11.6184649, 53.6923788], [11.6192128, 53.6932648], [11.6200111, 53.6944286], [11.6203544, 53.6949673], [11.6203973, 53.6950537], [11.6207149, 53.6952722], [11.6211612, 53.6954094], [11.6224633, 53.695588], [11.6231859, 53.6956774], [11.6237677, 53.6957848], [11.6240903, 53.6959023], [11.6242797, 53.6961375], [11.6243455, 53.6964004], [11.6243369, 53.6965782], [11.6244313, 53.6967256], [11.6244313, 53.6969797], [11.6244494, 53.6972911], [11.6243713, 53.6974878], [11.6243198, 53.6976606], [11.6243277, 53.6980845], [11.6243627, 53.698682], [11.6243884, 53.6992359], [11.6243455, 53.6998355], [11.6244914, 53.7001658], [11.6246803, 53.7004706], [11.624912, 53.7007298], [11.6249226, 53.700734]]}, "properties": {"name": "Warnow", "osm_way_id": 615179245, "source": "OpenStreetMap contributors, ODbL 1.0; https://overpass-api.de/api/interpreter"}}, {"type": "Feature", "geometry": {"type": "LineString", "coordinates": [[12.1547112, 54.0828794], [12.1549975, 54.083117], [12.1550767, 54.0832629], [12.1554609, 54.08397], [12.1546029, 54.0864], [12.1542708, 54.0871626], [12.1536206, 54.0877826]]}, "properties": {"name": "Warnow", "osm_way_id": 738616554, "source": "OpenStreetMap contributors, ODbL 1.0; https://overpass-api.de/api/interpreter"}}, {"type": "Feature", "geometry": {"type": "LineString", "coordinates": [[12.1542463, 54.0825139], [12.1544864, 54.082697]]}, "properties": {"name": "Warnow", "osm_way_id": 738616555, "source": "OpenStreetMap contributors, ODbL 1.0; https://overpass-api.de/api/interpreter"}}, {"type": "Feature", "geometry": {"type": "LineString", "coordinates": [[10.2916554, 53.9379622], [10.2913731, 53.9378025], [10.2908501, 53.9375294], [10.2904129, 53.9373557], [10.2899342, 53.9371562], [10.2888445, 53.9365888], [10.2886587, 53.9364257], [10.2881505, 53.935682], [10.2875466, 53.9354244], [10.2870732, 53.9350962], [10.2869394, 53.9349098], [10.2868349, 53.9346536], [10.2865399, 53.9342511], [10.2863282, 53.9339513], [10.2861138, 53.9338169], [10.2858059, 53.9337013], [10.2854405, 53.9336323], [10.2848306, 53.9335884], [10.2843779, 53.9335929], [10.2840346, 53.9335477], [10.2834119, 53.9333059], [10.2831629, 53.9331966], [10.283018, 53.9330765], [10.2828484, 53.9329891], [10.2825808, 53.9328934], [10.2822188, 53.9326612], [10.2817364, 53.9323456], [10.2814302, 53.9321717], [10.2811881, 53.9319558], [10.2808937, 53.9318069], [10.2806094, 53.9315699], [10.2805508, 53.9312472], [10.2803848, 53.9310608], [10.2803877, 53.9309306]]}, "properties": {"name": "Trave", "osm_way_id": 782683623, "source": "OpenStreetMap contributors, ODbL 1.0; https://overpass-api.de/api/interpreter"}}, {"type": "Feature", "geometry": {"type": "LineString", "coordinates": [[10.2920809, 53.9382029], [10.2916554, 53.9379622]]}, "properties": {"name": "Trave", "osm_way_id": 782683624, "source": "OpenStreetMap contributors, ODbL 1.0; https://overpass-api.de/api/interpreter"}}, {"type": "Feature", "geometry": {"type": "LineString", "coordinates": [[11.8421584, 53.7629113], [11.8420303, 53.762964], [11.8419769, 53.7630202], [11.84199, 53.7631046], [11.8420243, 53.7631504], [11.8420598, 53.7631979], [11.8422089, 53.7636178], [11.8419613, 53.7638489], [11.8415652, 53.764003], [11.8405687, 53.7642009], [11.8395089, 53.7643741], [11.8382623, 53.76439], [11.8379903, 53.764412], [11.8376693, 53.7646698], [11.8373978, 53.7651623], [11.8372707, 53.7656114], [11.8372264, 53.7660446], [11.8371068, 53.766166], [11.8365754, 53.7664051], [11.8362542, 53.7665446], [11.8360676, 53.7667425], [11.8360425, 53.7668682], [11.8363864, 53.7670678], [11.8368635, 53.7671031], [11.8374948, 53.7671289], [11.8379523, 53.7671518], [11.8385165, 53.7671956], [11.8390729, 53.7671864], [11.8393955, 53.7671766], [11.839847, 53.7671688], [11.8402112, 53.7672246], [11.8409542, 53.7673596], [11.8412444, 53.7675331], [11.8413458, 53.7677596], [11.8414002, 53.7679719], [11.8413319, 53.7682071], [11.8407436, 53.7684646], [11.8404802, 53.7686176], [11.8404508, 53.7688356], [11.8407232, 53.7690935], [11.8410657, 53.7693355], [11.8411114, 53.7695285], [11.8408451, 53.7697202], [11.8406129, 53.7698057], [11.8402473, 53.7699403], [11.8400777, 53.770168], [11.8400898, 53.7704101], [11.8400992, 53.7708167], [11.8400569, 53.7711388], [11.840047, 53.7714262], [11.8394626, 53.7718664], [11.8393375, 53.772088], [11.8393834, 53.7723696], [11.8396678, 53.7728785], [11.8397475, 53.7732564], [11.8401152, 53.7737668], [11.8404746, 53.7739784], [11.8408827, 53.7741352], [11.8411787, 53.7741957], [11.8414848, 53.7744202], [11.8414707, 53.7746966], [11.8414777, 53.7750546], [11.8416709, 53.7753037], [11.8421757, 53.7754872], [11.8427876, 53.7756092], [11.8436871, 53.7757009], [11.8444295, 53.7757956], [11.8449362, 53.7757658], [11.8450081, 53.7759276], [11.8449774, 53.7761741], [11.8446311, 53.776302], [11.844397, 53.7767413], [11.8439366, 53.7770696], [11.8433695, 53.7773756], [11.8433108, 53.7778536], [11.8434646, 53.7782667], [11.8435548, 53.7786094], [11.8438093, 53.7789956], [11.8441997, 53.779386], [11.8446291, 53.7797291], [11.8445509, 53.779836], [11.8442302, 53.7800022], [11.8436829, 53.7802166], [11.8432455, 53.7804696], [11.8430354, 53.7808116], [11.8425828, 53.7810422], [11.8423266, 53.7813028], [11.8418651, 53.7814654], [11.8415201, 53.7817542], [11.8413328, 53.7820676], [11.8407641, 53.7823512], [11.8401662, 53.7824575], [11.8393296, 53.7825685], [11.8389307, 53.7828277], [11.8388381, 53.7831927], [11.8387253, 53.7833491], [11.8385919, 53.7837302], [11.8383996, 53.7841608], [11.8383311, 53.7843159]]}, "properties": {"name": "Warnow", "osm_way_id": 934166809, "source": "OpenStreetMap contributors, ODbL 1.0; https://overpass-api.de/api/interpreter"}}, {"type": "Feature", "geometry": {"type": "LineString", "coordinates": [[11.8383311, 53.7843159], [11.8382628, 53.7844663]]}, "properties": {"name": "Warnow", "osm_way_id": 934166810, "source": "OpenStreetMap contributors, ODbL 1.0; https://overpass-api.de/api/interpreter"}}, {"type": "Feature", "geometry": {"type": "LineString", "coordinates": [[12.1540805, 54.0781684], [12.1539674, 54.0790777], [12.1538628, 54.0796836], [12.1534949, 54.0802407], [12.1527996, 54.0808895], [12.1527044, 54.081145], [12.1526668, 54.081246]]}, "properties": {"name": "Warnow", "osm_way_id": 934191773, "source": "OpenStreetMap contributors, ODbL 1.0; https://overpass-api.de/api/interpreter"}}, {"type": "Feature", "geometry": {"type": "LineString", "coordinates": [[12.1526668, 54.081246], [12.1542463, 54.0825139]]}, "properties": {"name": "Warnow", "osm_way_id": 965614794, "source": "OpenStreetMap contributors, ODbL 1.0; https://overpass-api.de/api/interpreter"}}, {"type": "Feature", "geometry": {"type": "LineString", "coordinates": [[10.4666271, 54.0070417], [10.4680631, 54.0060333], [10.4682032, 54.0058859], [10.4682058, 54.0057653], [10.4684905, 54.0049946], [10.4689764, 54.0037756], [10.4689528, 54.0037128], [10.4688895, 54.0036465], [10.4688071, 54.0035888], [10.4681447, 54.0031058], [10.4677171, 54.0027533], [10.4671505, 54.0023075], [10.4670857, 54.0022572], [10.4663278, 54.0016432], [10.4658219, 54.0012297], [10.4644372, 54.0000681]]}, "properties": {"name": "Trave", "osm_way_id": 1007638156, "source": "OpenStreetMap contributors, ODbL 1.0; https://overpass-api.de/api/interpreter"}}, {"type": "Feature", "geometry": {"type": "LineString", "coordinates": [[11.7478936, 53.7179173], [11.7480277, 53.7180471], [11.7480659, 53.718084], [11.7481385, 53.7181777], [11.7483604, 53.718262], [11.7486472, 53.718375], [11.7487886, 53.7184186], [11.7490855, 53.7184298]]}, "properties": {"name": "Warnow", "osm_way_id": 1058670238, "source": "OpenStreetMap contributors, ODbL 1.0; https://overpass-api.de/api/interpreter"}}, {"type": "Feature", "geometry": {"type": "LineString", "coordinates": [[10.7865688, 53.8955866], [10.7900791, 53.8951882], [10.7921147, 53.8949571], [10.7999253, 53.8947801], [10.812006, 53.8946537], [10.8276808, 53.8974164], [10.8338179, 53.90016], [10.8614015, 53.9125291], [10.8675384, 53.9160931], [10.8712291, 53.9202128], [10.8714008, 53.9250145], [10.8703708, 53.9309274], [10.8671093, 53.9363973], [10.8616435, 53.9451713], [10.8605862, 53.9468677], [10.8618736, 53.9502268], [10.8639335, 53.9525502], [10.874362, 53.9577774], [10.8826908, 53.9594793], [10.8837479, 53.9596953]]}, "properties": {"name": "Trave", "osm_way_id": 1204358999, "source": "OpenStreetMap contributors, ODbL 1.0; https://overpass-api.de/api/interpreter"}}, {"type": "Feature", "geometry": {"type": "LineString", "coordinates": [[10.6974795, 53.8865614], [10.7014538, 53.88868], [10.7017136, 53.8929107], [10.7010827, 53.8982918], [10.7014615, 53.9001974], [10.702371, 53.9005779], [10.7045361, 53.9014837], [10.7128813, 53.9053112], [10.7154396, 53.9058772], [10.7179211, 53.9063053], [10.7245521, 53.9072564], [10.729578, 53.908229], [10.7330007, 53.9086517], [10.7365052, 53.908825], [10.7387018, 53.9088409], [10.7434871, 53.9088756], [10.7483527, 53.9088142], [10.7576507, 53.9078211], [10.763392, 53.9057191], [10.7691528, 53.9034432], [10.7720813, 53.9018886], [10.7771804, 53.8991031], [10.7779837, 53.8986995], [10.7817077, 53.8968285], [10.7865688, 53.8955866]]}, "properties": {"name": "Trave", "osm_way_id": 1211198775, "source": "OpenStreetMap contributors, ODbL 1.0; https://overpass-api.de/api/interpreter"}}, {"type": "Feature", "geometry": {"type": "LineString", "coordinates": [[10.4202014, 53.9794734], [10.4163595, 53.9782651], [10.4148406, 53.9776672], [10.4132644, 53.9770467], [10.4089312, 53.9755161], [10.4018568, 53.975427], [10.3945928, 53.9748475], [10.3909166, 53.9753675], [10.3900716, 53.9757778]]}, "properties": {"name": "Trave", "osm_way_id": 1318948351, "source": "OpenStreetMap contributors, ODbL 1.0; https://overpass-api.de/api/interpreter"}}, {"type": "Feature", "geometry": {"type": "LineString", "coordinates": [[12.1526668, 54.081246], [12.1519264, 54.0823157], [12.150972, 54.0841141], [12.1508519, 54.0842791], [12.1505633, 54.0843809], [12.1509018, 54.084586]]}, "properties": {"name": "Warnow", "osm_way_id": 1340041528, "source": "OpenStreetMap contributors, ODbL 1.0; https://overpass-api.de/api/interpreter"}}, {"type": "Feature", "geometry": {"type": "LineString", "coordinates": [[10.3773495, 53.8095373], [10.3773899, 53.8095527], [10.3775345, 53.8096083], [10.3776388, 53.8096797], [10.3777448, 53.8097784], [10.3778262, 53.8098698], [10.3779333, 53.8099961], [10.3781875, 53.8099988], [10.3784575, 53.8099987], [10.3788371, 53.8100032], [10.3799087, 53.8100937], [10.3803179, 53.8101381], [10.3808695, 53.810244], [10.3814213, 53.8102967], [10.3817937, 53.8102968], [10.382223, 53.8102862], [10.3826368, 53.8102624], [10.3831801, 53.8101978], [10.3836911, 53.8101549], [10.3842363, 53.8101474], [10.3846091, 53.8101803], [10.3848735, 53.8102368], [10.3849954, 53.8102629], [10.3853984, 53.8103477], [10.38595, 53.810449], [10.386405, 53.8105275], [10.386847, 53.8105476], [10.3872867, 53.8105653], [10.3877847, 53.8105653], [10.3882889, 53.8106035], [10.3887246, 53.8106606], [10.3889608, 53.8107367], [10.3891557, 53.8108342], [10.3896658, 53.8111722], [10.3900394, 53.81139], [10.3902862, 53.8115852], [10.3917473, 53.8124863], [10.3922296, 53.8129593], [10.3928092, 53.8133575], [10.392949, 53.8134222]]}, "properties": {"name": "Trave", "osm_way_id": 1341063078, "source": "OpenStreetMap contributors, ODbL 1.0; https://overpass-api.de/api/interpreter"}}, {"type": "Feature", "geometry": {"type": "LineString", "coordinates": [[10.392949, 53.8134222], [10.393483, 53.8136693], [10.3940644, 53.8137781], [10.3944793, 53.8137882], [10.3949814, 53.8137399], [10.3951588, 53.8137068]]}, "properties": {"name": "Trave", "osm_way_id": 1341063079, "source": "OpenStreetMap contributors, ODbL 1.0; https://overpass-api.de/api/interpreter"}}, {"type": "Feature", "geometry": {"type": "LineString", "coordinates": [[10.3754305, 53.8092394], [10.3754594, 53.8092447], [10.37595, 53.8093034], [10.3762024, 53.8093441], [10.3763113, 53.8093616]]}, "properties": {"name": "Trave", "osm_way_id": 1341081679, "source": "OpenStreetMap contributors, ODbL 1.0; https://overpass-api.de/api/interpreter"}}, {"type": "Feature", "geometry": {"type": "LineString", "coordinates": [[10.3292802, 53.8715259], [10.3289969, 53.8715948], [10.327825, 53.8712043], [10.3269481, 53.8710206], [10.3265703, 53.8708986], [10.3262551, 53.8706242], [10.325679, 53.8703149], [10.3254369, 53.8703067], [10.3249488, 53.8705279], [10.3246785, 53.8706353], [10.3245158, 53.8706887], [10.324326, 53.870703], [10.3237823, 53.8705273], [10.3233412, 53.8703637], [10.3232754, 53.870351], [10.3227041, 53.8702353], [10.3218354, 53.8700906], [10.3204263, 53.8697345], [10.3203353, 53.8696467], [10.3202912, 53.8695491], [10.3206028, 53.8688857], [10.3209617, 53.8681671], [10.3211488, 53.8677966], [10.3212054, 53.8675809], [10.3211888, 53.8674915], [10.3211281, 53.8673988], [10.3209434, 53.867272], [10.3208239, 53.8672185], [10.3207914, 53.8672039], [10.3207283, 53.8671663], [10.320538, 53.8670557], [10.3203588, 53.8669094], [10.3200361, 53.8665939], [10.3196942, 53.8662964], [10.3189482, 53.8656027], [10.3188975, 53.8655568], [10.3183278, 53.8650417], [10.3181094, 53.864958], [10.3179895, 53.8649379]]}, "properties": {"name": "Trave", "osm_way_id": 1341288327, "source": "OpenStreetMap contributors, ODbL 1.0; https://overpass-api.de/api/interpreter"}}, {"type": "Feature", "geometry": {"type": "LineString", "coordinates": [[10.3179895, 53.8649379], [10.3177304, 53.8648944], [10.3175359, 53.8648468], [10.3174313, 53.8647655], [10.3174402, 53.8646385], [10.3174362, 53.8645563], [10.3173651, 53.8644337], [10.3174482, 53.8642913], [10.3174623, 53.8642336], [10.3174911, 53.8641656], [10.3174992, 53.8640652], [10.3175046, 53.863979], [10.3175931, 53.8638516], [10.3178251, 53.8637915]]}, "properties": {"name": "Trave", "osm_way_id": 1341288328, "source": "OpenStreetMap contributors, ODbL 1.0; https://overpass-api.de/api/interpreter"}}, {"type": "Feature", "geometry": {"type": "LineString", "coordinates": [[10.301526, 53.9164679], [10.3023345, 53.9160846], [10.3029825, 53.915697], [10.3028636, 53.9153391], [10.3027513, 53.9150043], [10.3023168, 53.9147619], [10.3015046, 53.9146085], [10.3012015, 53.914351], [10.3010888, 53.914103], [10.3018424, 53.9131183], [10.3025775, 53.9121708], [10.3030009, 53.9115647], [10.3032287, 53.9109253], [10.3035805, 53.9098611], [10.3036235, 53.9097204], [10.3035726, 53.9094881], [10.3031863, 53.9090457], [10.302784, 53.9087281], [10.3022744, 53.9081482], [10.3020464, 53.9078654], [10.3018989, 53.9076331], [10.3018881, 53.907551], [10.3020652, 53.907344], [10.3048867, 53.906292], [10.3050431, 53.9062398], [10.3051921, 53.9062056], [10.3054002, 53.906182], [10.306486, 53.9061187], [10.3067289, 53.9061016], [10.3069784, 53.9060629], [10.3071708, 53.9060097], [10.3073121, 53.9059408], [10.3073896, 53.9058694], [10.3074404, 53.9057861], [10.3074657, 53.9056721], [10.3074668, 53.9055693], [10.3074285, 53.9054647], [10.3073684, 53.9053743], [10.3072562, 53.9052804], [10.3070958, 53.9051915], [10.3068781, 53.9050844], [10.3060119, 53.9047031], [10.3058285, 53.904651], [10.305676, 53.904617], [10.3054549, 53.9045885], [10.3052041, 53.9045845], [10.3049617, 53.9045888], [10.3046862, 53.9045854], [10.3025828, 53.9044666], [10.3023173, 53.9043844], [10.3021376, 53.9042485], [10.3020974, 53.9036629], [10.3020887, 53.9036222]]}, "properties": {"name": "Trave", "osm_way_id": 1341297896, "source": "OpenStreetMap contributors, ODbL 1.0; https://overpass-api.de/api/interpreter"}}, {"type": "Feature", "geometry": {"type": "LineString", "coordinates": [[10.3020887, 53.9036222], [10.3020673, 53.9035215], [10.3020339, 53.9033646], [10.3021555, 53.9032185], [10.3024304, 53.90309], [10.3025041, 53.9030178]]}, "properties": {"name": "Trave", "osm_way_id": 1341297901, "source": "OpenStreetMap contributors, ODbL 1.0; https://overpass-api.de/api/interpreter"}}, {"type": "Feature", "geometry": {"type": "LineString", "coordinates": [[10.2867771, 53.9200068], [10.2866773, 53.9192071], [10.28668, 53.9187126], [10.2868517, 53.9184599], [10.2873452, 53.9182498], [10.2884985, 53.9179339], [10.2893354, 53.917749], [10.2897538, 53.9176701], [10.2902071, 53.917689], [10.2914329, 53.9178106], [10.2924253, 53.9178881], [10.292668, 53.9179764], [10.2935277, 53.9182893], [10.2952872, 53.9189843], [10.2965452, 53.9194693], [10.2970016, 53.9196622], [10.297087, 53.9196983], [10.2976502, 53.9197789], [10.2980572, 53.9197927], [10.2983388, 53.9197942], [10.2986124, 53.9197642], [10.2987526, 53.9197047], [10.2988653, 53.9196304], [10.2989709, 53.9195476], [10.2998845, 53.9189227], [10.3000642, 53.9187221], [10.3001182, 53.9180282], [10.3001205, 53.9179986], [10.3005953, 53.9172609], [10.3011049, 53.9166954], [10.301526, 53.9164679]]}, "properties": {"name": "Trave", "osm_way_id": 1341498206, "source": "OpenStreetMap contributors, ODbL 1.0; https://overpass-api.de/api/interpreter"}}, {"type": "Feature", "geometry": {"type": "LineString", "coordinates": [[10.2871196, 53.9204102], [10.28701, 53.9203159], [10.2867898, 53.9201083], [10.2867771, 53.9200068]]}, "properties": {"name": "Trave", "osm_way_id": 1341498207, "source": "OpenStreetMap contributors, ODbL 1.0; https://overpass-api.de/api/interpreter"}}, {"type": "Feature", "geometry": {"type": "LineString", "coordinates": [[10.3746627, 53.9821042], [10.3743755, 53.9819792], [10.3740879, 53.981862], [10.373831, 53.9817798], [10.3735601, 53.9817304], [10.3731014, 53.9816446], [10.3726373, 53.9816415], [10.3724095, 53.9816579], [10.3721484, 53.9816257], [10.3718251, 53.9815486], [10.3712786, 53.9813345], [10.370234, 53.9810464], [10.3699878, 53.9809693], [10.3697349, 53.9809435], [10.36952, 53.9809564], [10.3693179, 53.9809656], [10.369114, 53.9809238], [10.3689021, 53.9808158], [10.3686178, 53.9805799], [10.3685373, 53.980464], [10.3684878, 53.9803457], [10.3684759, 53.9800992], [10.3684555, 53.9799112]]}, "properties": {"name": "Trave", "osm_way_id": 1351155782, "source": "OpenStreetMap contributors, ODbL 1.0; https://overpass-api.de/api/interpreter"}}, {"type": "Feature", "geometry": {"type": "LineString", "coordinates": [[10.3763113, 53.8093616], [10.3767612, 53.8094405], [10.3770517, 53.8094576], [10.3773199, 53.8095259], [10.3773495, 53.8095373]]}, "properties": {"name": "Trave", "osm_way_id": 1351155783, "source": "OpenStreetMap contributors, ODbL 1.0; https://overpass-api.de/api/interpreter"}}, {"type": "Feature", "geometry": {"type": "LineString", "coordinates": [[21.710724, 54.6386198], [21.7091936, 54.6384822], [21.7077251, 54.638363], [21.7067635, 54.6384046], [21.706089, 54.6384756], [21.7055135, 54.6386285], [21.7036681, 54.6398425], [21.7033731, 54.6399959], [21.7030513, 54.6401245], [21.7027799, 54.6401846], [21.7024977, 54.640226], [21.7022209, 54.6402488], [21.7019441, 54.6402561], [21.700356, 54.6402355], [21.7000179, 54.6402071], [21.6997012, 54.6401445], [21.6993899, 54.6400649], [21.6991322, 54.6399635], [21.69735, 54.6388149], [21.6961247, 54.6378051], [21.6955054, 54.637402], [21.6947389, 54.6369766], [21.6943501, 54.6367453], [21.6941415, 54.636646], [21.6939046, 54.636559], [21.693575, 54.6364799], [21.6932242, 54.6364213], [21.6925014, 54.6363697], [21.6918759, 54.6363615], [21.6912504, 54.636386], [21.6901338, 54.6364921], [21.6899334, 54.6365347], [21.6897543, 54.6366019], [21.6895092, 54.6367936], [21.6890435, 54.6370585], [21.6887682, 54.6371684], [21.6884292, 54.637266], [21.6880892, 54.6373372], [21.6877351, 54.6373839], [21.6870269, 54.6374321], [21.6866388, 54.6374315], [21.6862507, 54.6374186], [21.6858626, 54.6373873], [21.6854958, 54.6373314], [21.6852391, 54.6372643], [21.6850108, 54.6371767], [21.6846321, 54.6369851], [21.6838286, 54.6365855], [21.6822369, 54.6354887], [21.6813451, 54.6347539], [21.6807457, 54.6344004], [21.6800601, 54.6340825], [21.679771, 54.6340107], [21.6764653, 54.6333997], [21.674695, 54.6331327], [21.6728648, 54.6330342], [21.6704069, 54.6329573], [21.6693842, 54.6329685], [21.6683616, 54.6330001], [21.6672727, 54.6330851], [21.6661697, 54.6332315], [21.665737, 54.6333184], [21.6653468, 54.6334258], [21.6645522, 54.6336693], [21.6630263, 54.6343016], [21.6627372, 54.6344146], [21.6625714, 54.6344587], [21.6623844, 54.6344824], [21.6613691, 54.6345022], [21.6599889, 54.6344745], [21.6585599, 54.6344171], [21.6577449, 54.6343727], [21.6569361, 54.634282], [21.6556969, 54.6340016], [21.6547228, 54.633818], [21.6539145, 54.6337232], [21.6532343, 54.6336728], [21.6527355, 54.6336725], [21.6524908, 54.6336642], [21.6522647, 54.6336235], [21.6518838, 54.6334887], [21.6515962, 54.633343], [21.6511188, 54.6329762], [21.65012, 54.6325276], [21.6499988, 54.6324835], [21.6491477, 54.6321284], [21.6475157, 54.631718], [21.6473099, 54.6316508], [21.6471076, 54.6315672], [21.6469478, 54.6314703], [21.6468375, 54.6313693], [21.6467174, 54.6309361], [21.6466776, 54.6307321], [21.6466866, 54.6305328], [21.646777, 54.630093], [21.6467607, 54.6300243], [21.6467159, 54.6299627], [21.6465675, 54.6298888], [21.6464332, 54.6298232], [21.6462128, 54.629718], [21.6460338, 54.6296566], [21.6458454, 54.6296113], [21.6456139, 54.6295593], [21.6453824, 54.6295262], [21.644066, 54.6294714], [21.6429347, 54.6295223], [21.6418221, 54.6296029], [21.6404948, 54.6298596], [21.6374178, 54.6304415], [21.6342724, 54.6309381], [21.6336755, 54.6311192], [21.6331095, 54.6313324], [21.6318432, 54.6319022], [21.6313631, 54.6320888], [21.6308642, 54.6322646], [21.6303956, 54.6323725], [21.630152, 54.6324089], [21.6299036, 54.6324264], [21.6296832, 54.632426], [21.6294674, 54.6324039], [21.6292619, 54.6323534], [21.6290612, 54.6322894], [21.6289124, 54.6322097], [21.6287964, 54.6321191], [21.6286413, 54.6319082], [21.6284938, 54.6316836], [21.6283041, 54.6312192], [21.628088, 54.6308224], [21.6274359, 54.6301398], [21.6264356, 54.6294294], [21.6262145, 54.6293678], [21.6259581, 54.629337], [21.6254259, 54.6293503], [21.6251615, 54.62938], [21.6249885, 54.6294444], [21.6242744, 54.6298365], [21.6235853, 54.6301993], [21.6232195, 54.630357], [21.6228353, 54.6304968], [21.6225584, 54.6305818], [21.6220442, 54.6306543], [21.62169, 54.6306662], [21.6214905, 54.6306141], [21.6213403, 54.6305477], [21.6211885, 54.6304625], [21.6210891, 54.6303649], [21.6210474, 54.6300759], [21.6209057, 54.6293756], [21.6210521, 54.6290808], [21.6214635, 54.6285639], [21.6216126, 54.6281674], [21.6215381, 54.6278852], [21.6213646, 54.6276254], [21.6211369, 54.6274795], [21.6208694, 54.6273893], [21.6206868, 54.6273614], [21.6205041, 54.6273552], [21.6200557, 54.62736], [21.6198324, 54.6273808], [21.619609, 54.6274151], [21.6191639, 54.6274823], [21.6188407, 54.6275506], [21.6186728, 54.6275829], [21.6184486, 54.6276342], [21.6182407, 54.6277044], [21.6179558, 54.6278505], [21.6176978, 54.6280059], [21.617246, 54.6283291], [21.6162467, 54.6291507], [21.6161017, 54.6293314], [21.6159987, 54.6295174], [21.6158136, 54.6299058], [21.6156847, 54.6302979], [21.6155979, 54.630698]]}, "properties": {"name": "Преголя", "osm_way_id": 26167672, "source": "OpenStreetMap contributors, ODbL 1.0; https://overpass-api.de/api/interpreter"}}, {"type": "Feature", "geometry": {"type": "LineString", "coordinates": [[21.7908918, 54.6477713], [21.7905339, 54.6477837], [21.7901883, 54.6478174], [21.7894202, 54.6479811], [21.7887415, 54.6481644], [21.7878703, 54.6484189], [21.7864145, 54.649132], [21.7848086, 54.6495729]]}, "properties": {"name": "Преголя", "osm_way_id": 32455741, "source": "OpenStreetMap contributors, ODbL 1.0; https://overpass-api.de/api/interpreter"}}, {"type": "Feature", "geometry": {"type": "LineString", "coordinates": [[20.7936629, 54.6589038], [20.7914396, 54.6579003], [20.791122, 54.6577569], [20.7895144, 54.6572609], [20.7879068, 54.6572919], [20.7862991, 54.6574314], [20.7840484, 54.6581753], [20.7775911, 54.6610426], [20.7761978, 54.6614145], [20.7746974, 54.661089], [20.773706, 54.6597097], [20.7728754, 54.6580203], [20.7717233, 54.6570904], [20.7704371, 54.6568114], [20.7679185, 54.6565014], [20.7621042, 54.6565014], [20.7607345, 54.6566438], [20.7549503, 54.6572454], [20.752112, 54.6577439], [20.7494064, 54.6583746]]}, "properties": {"name": "Старая Преголя", "osm_way_id": 44096822, "source": "OpenStreetMap contributors, ODbL 1.0; https://overpass-api.de/api/interpreter"}}, {"type": "Feature", "geometry": {"type": "LineString", "coordinates": [[20.7936629, 54.6589038], [20.7927029, 54.6591828], [20.7915239, 54.6594927], [20.7908809, 54.6600817], [20.7901039, 54.6624528], [20.7900128, 54.6659628], [20.7892197, 54.6668229], [20.7879604, 54.6672567], [20.7863795, 54.6668694], [20.7845039, 54.666234], [20.7818781, 54.6657846], [20.7748849, 54.6653043], [20.7729558, 54.6655832], [20.771884, 54.6660481], [20.7703568, 54.6678611], [20.7695797, 54.6683259], [20.7685616, 54.668233], [20.7672487, 54.6677371], [20.7663913, 54.6668074], [20.7655607, 54.666389], [20.7637387, 54.6661411], [20.7590765, 54.6660326], [20.7522173, 54.6656297], [20.7500738, 54.6660171], [20.7488949, 54.666513], [20.748359, 54.6673497], [20.7484369, 54.6696811], [20.7480107, 54.6701698], [20.7476173, 54.6702756], [20.7457064, 54.6707896], [20.7426787, 54.6706036], [20.7381374, 54.6698683], [20.7308894, 54.6694261], [20.7290766, 54.6692506], [20.7263612, 54.6688373], [20.7236282, 54.6677991], [20.7214579, 54.6666059], [20.7193948, 54.666172]]}, "properties": {"name": "Новая Преголя", "osm_way_id": 44096912, "source": "OpenStreetMap contributors, ODbL 1.0; https://overpass-api.de/api/interpreter"}}, {"type": "Feature", "geometry": {"type": "LineString", "coordinates": [[20.5055527, 54.7057449], [20.5005013, 54.7058167], [20.4978829, 54.7060375], [20.495279, 54.706212], [20.4930301, 54.7061701], [20.4895324, 54.7056616]]}, "properties": {"name": "Преголя", "osm_way_id": 58211526, "source": "OpenStreetMap contributors, ODbL 1.0; https://overpass-api.de/api/interpreter"}}, {"type": "Feature", "geometry": {"type": "LineString", "coordinates": [[20.7494064, 54.6583746], [20.7478788, 54.6592034], [20.7446882, 54.6617854], [20.7417677, 54.6629942], [20.7382845, 54.6636141], [20.734319, 54.664079], [20.7281564, 54.6655978], [20.7256378, 54.6657062], [20.7210292, 54.6648384], [20.7205222, 54.6647901], [20.719747, 54.6647162]]}, "properties": {"name": "Старая Преголя", "osm_way_id": 77758522, "source": "OpenStreetMap contributors, ODbL 1.0; https://overpass-api.de/api/interpreter"}}, {"type": "Feature", "geometry": {"type": "LineString", "coordinates": [[20.8712032, 54.6677596], [20.8675666, 54.6665092], [20.8667748, 54.6663393], [20.8658044, 54.6661887], [20.8630553, 54.6660234], [20.8589955, 54.666159], [20.8524291, 54.6653471], [20.8434989, 54.6638583], [20.8417823, 54.663064], [20.840924, 54.662369], [20.8391777, 54.6583939], [20.8376777, 54.6571015], [20.8351762, 54.6566921], [20.8299671, 54.6567332], [20.8207167, 54.6584286], [20.817135, 54.6593368], [20.8138012, 54.6603491], [20.8129551, 54.6605624], [20.8121421, 54.6606472], [20.8113949, 54.6605624], [20.8107946, 54.660373], [20.8104302, 54.660239], [20.8100658, 54.6600833], [20.8097255, 54.6598401], [20.8095159, 54.6595752], [20.8093109, 54.6584408], [20.8094684, 54.6572914], [20.8093965, 54.6570806], [20.8093159, 54.6569776], [20.8092027, 54.6568746], [20.8085223, 54.6565142], [20.8081284, 54.6563772], [20.8076045, 54.6563107], [20.8070968, 54.6562889], [20.8066297, 54.6563376], [20.8052255, 54.656623], [20.8019459, 54.6582745], [20.8004589, 54.6587124], [20.7984094, 54.659047], [20.796171, 54.6591558], [20.7936629, 54.6589038]]}, "properties": {"name": "Преголя", "osm_way_id": 77758525, "source": "OpenStreetMap contributors, ODbL 1.0; https://overpass-api.de/api/interpreter"}}, {"type": "Feature", "geometry": {"type": "LineString", "coordinates": [[21.7848086, 54.6495729], [21.7842822, 54.6495281], [21.7838005, 54.6494668], [21.7835222, 54.6493938], [21.7834034, 54.6493526], [21.7833009, 54.6493091], [21.7830016, 54.6491248], [21.78281, 54.6489382], [21.7824555, 54.648391], [21.7822858, 54.6481583], [21.782184, 54.6480526], [21.782039, 54.6479541], [21.7817387, 54.6477865], [21.781389, 54.647651], [21.7810382, 54.6475509], [21.7806609, 54.6474442], [21.7804646, 54.6474093], [21.7802765, 54.6474097], [21.7800619, 54.6474166], [21.7798758, 54.6474494], [21.7792003, 54.6477485], [21.7787175, 54.6481358], [21.7782283, 54.6485654], [21.777797, 54.648815], [21.7772626, 54.6489494], [21.7764432, 54.6489217], [21.7750353, 54.6486173], [21.7733208, 54.6481358], [21.7721343, 54.6478764], [21.7708158, 54.6477517], [21.768508, 54.6477032], [21.7674387, 54.6476301], [21.7659577, 54.6474294], [21.7652292, 54.647178], [21.7647625, 54.6468626], [21.7645189, 54.6463913], [21.7637956, 54.6453472], [21.7634075, 54.6449208], [21.7633043, 54.6448507], [21.7631889, 54.6447899], [21.7629256, 54.6447249], [21.7625307, 54.6446865], [21.7621358, 54.6446833], [21.7616646, 54.6446951], [21.7611954, 54.6447397], [21.7592319, 54.6452137], [21.7581782, 54.6454913], [21.7572576, 54.6460215], [21.7560411, 54.6466311], [21.7553834, 54.6467621], [21.7545733, 54.6467525], [21.7538263, 54.6465739], [21.7528045, 54.6460966], [21.7508814, 54.6452341], [21.7500275, 54.6450046], [21.7492604, 54.6449295], [21.7488836, 54.6449589], [21.7485437, 54.6450418], [21.7482192, 54.6451537], [21.7480026, 54.6453065], [21.7478149, 54.6455587], [21.7477459, 54.6457832], [21.7476405, 54.6460609], [21.747462, 54.6463174], [21.7467062, 54.6468806], [21.7464275, 54.6470132], [21.7461244, 54.6470752], [21.7456973, 54.6470904], [21.7451239, 54.6470585], [21.7442964, 54.6469718], [21.7432191, 54.6468036], [21.7429565, 54.6467419], [21.7427047, 54.6466521], [21.7424881, 54.646556], [21.7423145, 54.6464444], [21.7417781, 54.6460575], [21.7413941, 54.6457409], [21.7411981, 54.6455743], [21.7410386, 54.6454054], [21.7405525, 54.6446556], [21.7401833, 54.6438529], [21.7397726, 54.6428258], [21.7396453, 54.6425997], [21.7394806, 54.6423817], [21.7391252, 54.6420728], [21.7386998, 54.6417963], [21.7374549, 54.6412028], [21.736388, 54.6410932], [21.733548, 54.6408789], [21.7309377, 54.6408583], [21.7278083, 54.6408644], [21.7250142, 54.6409329], [21.7228676, 54.6411565], [21.7225702, 54.6411864], [21.7222675, 54.6412007], [21.7219863, 54.6412102], [21.7217051, 54.6412136], [21.7214226, 54.6412061], [21.7211401, 54.6411893], [21.720183, 54.641085], [21.7182949, 54.6406168], [21.7169101, 54.6401955], [21.7163336, 54.6401555], [21.7157543, 54.6401648], [21.7149329, 54.6402436], [21.7139035, 54.6401711], [21.7133639, 54.640023], [21.713013, 54.6398854], [21.7126965, 54.6396743], [21.7123734, 54.6392196], [21.7120314, 54.6390131], [21.7116344, 54.6388361], [21.710724, 54.6386198]]}, "properties": {"name": "Преголя", "osm_way_id": 99154326, "source": "OpenStreetMap contributors, ODbL 1.0; https://overpass-api.de/api/interpreter"}}, {"type": "Feature", "geometry": {"type": "LineString", "coordinates": [[21.051071, 54.6424355], [21.0504112, 54.6419077], [21.0496848, 54.641374], [21.0492244, 54.641091], [21.0484269, 54.6406098], [21.0477079, 54.640324], [21.0466078, 54.640126], [21.0456784, 54.6399838], [21.0443911, 54.6398126], [21.0435782, 54.639757], [21.0429155, 54.6397338], [21.0422601, 54.6397614], [21.0415628, 54.6398269], [21.0403609, 54.639925], [21.039436, 54.639981], [21.038344, 54.6400332], [21.0373411, 54.6400565], [21.0365151, 54.6400035], [21.035791, 54.6399263], [21.035111, 54.6398015], [21.0344883, 54.6396324], [21.0337708, 54.6395085], [21.0327422, 54.6394282], [21.0321505, 54.6394619], [21.0317035, 54.6395474], [21.031259, 54.6396855], [21.0307234, 54.6398781], [21.0304732, 54.640002], [21.029656, 54.6403316], [21.0291132, 54.6405323], [21.0283748, 54.6407567], [21.0276702, 54.6408433]]}, "properties": {"name": "Преголя", "osm_way_id": 130041830, "source": "OpenStreetMap contributors, ODbL 1.0; https://overpass-api.de/api/interpreter"}}, {"type": "Feature", "geometry": {"type": "LineString", "coordinates": [[21.0854272, 54.6397028], [21.0828458, 54.6389638], [21.0809844, 54.6387342], [21.0796304, 54.6386328], [21.0778636, 54.6386287], [21.0759047, 54.6389858], [21.0745759, 54.6393852], [21.0728895, 54.6403709], [21.072146, 54.6410879], [21.0714315, 54.6422917], [21.0709852, 54.6436128], [21.0708967, 54.6446558], [21.0703736, 54.64556], [21.0698823, 54.645957]]}, "properties": {"name": "Преголя", "osm_way_id": 130041831, "source": "OpenStreetMap contributors, ODbL 1.0; https://overpass-api.de/api/interpreter"}}, {"type": "Feature", "geometry": {"type": "LineString", "coordinates": [[21.0900168, 54.6415865], [21.0889451, 54.6412305], [21.0866603, 54.6403551], [21.0854272, 54.6397028]]}, "properties": {"name": "Преголя", "osm_way_id": 130041832, "source": "OpenStreetMap contributors, ODbL 1.0; https://overpass-api.de/api/interpreter"}}, {"type": "Feature", "geometry": {"type": "LineString", "coordinates": [[21.0276702, 54.6408433], [21.0263894, 54.640895], [21.0250338, 54.6408454], [21.0238457, 54.640704], [21.0227425, 54.640497], [21.0221444, 54.6403344], [21.0215887, 54.6401635], [21.0210613, 54.6399681], [21.0208543, 54.6398622], [21.0206472, 54.6397563], [21.018062, 54.6381423], [21.0159679, 54.6366389], [21.0148973, 54.6362926], [21.0138059, 54.6362917], [21.0129042, 54.6365323], [21.0112736, 54.6376081], [21.0100318, 54.6382928], [21.0090372, 54.6385699], [21.0078372, 54.6387964], [21.006654, 54.6387924], [21.0057278, 54.6385501], [21.0048064, 54.6380418], [21.0047517, 54.6378704], [21.0044026, 54.6372643], [21.0043552, 54.6365009], [21.0048581, 54.6354367], [21.005531, 54.6343725], [21.0068987, 54.6322032], [21.0070122, 54.6317796], [21.0070262, 54.6315492], [21.0069182, 54.6312247], [21.0065116, 54.6307462], [21.0059424, 54.6303242], [21.005481, 54.6301434], [21.0049383, 54.6300238], [21.0042461, 54.6299851], [21.0035458, 54.6299981], [21.0030852, 54.6300375], [21.0026623, 54.6300914], [21.0017097, 54.6303508], [20.9981276, 54.6318055], [20.9956559, 54.6329257], [20.9944363, 54.6334199], [20.9938142, 54.6336562], [20.9931613, 54.6338605], [20.9926126, 54.6339727], [20.9921378, 54.6340206], [20.9912252, 54.6341095], [20.989548, 54.6342229], [20.9862741, 54.6343938], [20.9853036, 54.6344979], [20.9845312, 54.6346675], [20.9837659, 54.634874], [20.9832555, 54.6351379], [20.9821188, 54.63592], [20.9816071, 54.6363234], [20.9812087, 54.6367595], [20.9810145, 54.637365], [20.9808628, 54.6379705], [20.9808208, 54.6385719], [20.9809345, 54.6391815], [20.9815511, 54.6415849], [20.9808307, 54.6432829], [20.9777846, 54.6439439], [20.9768975, 54.6438829], [20.9736357, 54.6430682], [20.9721332, 54.6429714], [20.9633496, 54.6455695], [20.9606457, 54.6454302], [20.9587024, 54.6450033], [20.9556479, 54.6439827], [20.951895, 54.6429858], [20.9485506, 54.6426707], [20.9449071, 54.6435471], [20.9438448, 54.6445411], [20.9435536, 54.6453902], [20.943487, 54.6455843], [20.9437265, 54.6467193], [20.9439308, 54.6476897], [20.9438818, 54.6481536], [20.9438086, 54.6483903], [20.9435971, 54.6486646], [20.9430504, 54.6488656], [20.9427567, 54.6489756], [20.942398, 54.6489914], [20.9402624, 54.6486312], [20.9380142, 54.6483975], [20.9366531, 54.6484258], [20.9353109, 54.64868], [20.9342906, 54.6490583], [20.933442, 54.6495732], [20.9329796, 54.6501626], [20.932937, 54.6503783], [20.9327962, 54.6510907], [20.9335421, 54.6522138], [20.9346549, 54.6530117], [20.9352645, 54.6536521], [20.935047, 54.6543006], [20.9341596, 54.654627], [20.9318201, 54.6548646], [20.9298421, 54.6553781], [20.9288597, 54.6563404], [20.9284335, 54.6572307], [20.9280606, 54.658323], [20.9277705, 54.6593022], [20.927593, 54.6599664], [20.9265806, 54.6608223], [20.9249067, 54.6610445], [20.9210874, 54.6615515], [20.9186722, 54.6617843], [20.9160085, 54.661846], [20.9111277, 54.6626046], [20.9048937, 54.6644919], [20.8986378, 54.6653681], [20.8890575, 54.6661463], [20.8849163, 54.6665561], [20.8792441, 54.6661241], [20.877793, 54.6660669], [20.8765049, 54.6663575], [20.87206, 54.6676036], [20.8712032, 54.6677596]]}, "properties": {"name": "Преголя", "osm_way_id": 130041833, "source": "OpenStreetMap contributors, ODbL 1.0; https://overpass-api.de/api/interpreter"}}, {"type": "Feature", "geometry": {"type": "LineString", "coordinates": [[20.5989185, 54.6930507], [20.5885334, 54.692615], [20.5830407, 54.6927234], [20.5780838, 54.6934977], [20.5727786, 54.693219], [20.5653031, 54.6939158], [20.5607749, 54.6936836], [20.5572113, 54.6932035], [20.5552554, 54.6933119], [20.5543444, 54.6939313], [20.5542908, 54.6962231], [20.5539425, 54.6978954], [20.5522277, 54.6997844], [20.5490928, 54.7019365], [20.5451005, 54.7035776], [20.5410546, 54.7053579], [20.5332308, 54.7066119], [20.5241477, 54.7074014], [20.520075, 54.7074942], [20.5162507, 54.7074264], [20.5137516, 54.7071382], [20.5126516, 54.7071923], [20.5124754, 54.7072131]]}, "properties": {"name": "Новая Преголя", "osm_way_id": 143600530, "source": "OpenStreetMap contributors, ODbL 1.0; https://overpass-api.de/api/interpreter"}}, {"type": "Feature", "geometry": {"type": "LineString", "coordinates": [[20.7193948, 54.666172], [20.7180819, 54.666234], [20.7166886, 54.6668539], [20.7147594, 54.6683104], [20.7126963, 54.6699219], [20.7122676, 54.6708361], [20.7126963, 54.6719981], [20.7126963, 54.6735629], [20.7114638, 54.6749418], [20.7094007, 54.6758714], [20.705971, 54.6764446], [20.6996477, 54.6783036], [20.6977185, 54.6805343], [20.6962449, 54.6822846], [20.6924937, 54.6848249], [20.687912, 54.6863738], [20.6834642, 54.6877057], [20.6822584, 54.6886195], [20.6810259, 54.6902456], [20.6800345, 54.6924757], [20.6775159, 54.6952011], [20.6753992, 54.6966567], [20.6708175, 54.6979728], [20.6666108, 54.6985147], [20.6509364, 54.6990567], [20.6464909, 54.6991347], [20.6451379, 54.6990289], [20.6425231, 54.6988244], [20.6314572, 54.6967341], [20.6254435, 54.6958582], [20.6152201, 54.6950772], [20.608001, 54.694429], [20.6071805, 54.6943188], [20.5989185, 54.6930507]]}, "properties": {"name": "Новая Преголя", "osm_way_id": 143600531, "source": "OpenStreetMap contributors, ODbL 1.0; https://overpass-api.de/api/interpreter"}}, {"type": "Feature", "geometry": {"type": "LineString", "coordinates": [[21.6155979, 54.630698], [21.6156417, 54.6308729], [21.6157338, 54.6310477], [21.6158555, 54.6312179], [21.6160039, 54.631385], [21.6164945, 54.6319539], [21.6169783, 54.632516], [21.6170104, 54.6326535], [21.6169747, 54.632791], [21.6168658, 54.6328976], [21.6167384, 54.6329827], [21.6165864, 54.6330589], [21.6164159, 54.6330994], [21.6160901, 54.6331426], [21.6157643, 54.6331608], [21.6146398, 54.6331186], [21.6134197, 54.63308], [21.6126367, 54.63308], [21.6118537, 54.6330516], [21.6101889, 54.6328802], [21.6096646, 54.6328019], [21.6091526, 54.6327057], [21.609037, 54.6326718], [21.6085191, 54.63252], [21.6077679, 54.6322997], [21.6063447, 54.631838], [21.6060955, 54.6317977], [21.6058356, 54.6317759], [21.6053775, 54.631765], [21.6044273, 54.6317782], [21.6034368, 54.6318083], [21.6018106, 54.6318971], [21.6000111, 54.6319589], [21.5991819, 54.631974], [21.5983527, 54.6319512], [21.5968182, 54.6318257], [21.5945132, 54.6317138], [21.5932604, 54.6317073], [21.5913809, 54.6317575], [21.5892473, 54.6317434], [21.5868754, 54.6317877], [21.5853684, 54.6318274], [21.5850433, 54.6318208], [21.5847212, 54.6317981], [21.5844938, 54.6317671], [21.5842727, 54.6317182], [21.5840761, 54.6316613], [21.5838796, 54.6315901], [21.5830916, 54.6312418], [21.5807533, 54.6300214], [21.5784041, 54.6289113], [21.5777133, 54.6286448], [21.5773648, 54.6285258], [21.577004, 54.6284246], [21.5750889, 54.6281226], [21.5730596, 54.6279582], [21.5711238, 54.6277651], [21.569778, 54.6276325], [21.5686126, 54.6275804], [21.5681941, 54.6275876], [21.5677756, 54.627642], [21.5674992, 54.6276878], [21.5672391, 54.6277759], [21.5669912, 54.6278829], [21.5668083, 54.6280275], [21.5662465, 54.6285712], [21.5655328, 54.6292337], [21.5644509, 54.6299728], [21.5637297, 54.630447], [21.563393, 54.6306019], [21.5630319, 54.6307262], [21.5625785, 54.6308075], [21.5623478, 54.6308329], [21.5621089, 54.6308159], [21.5614264, 54.6306782], [21.5608178, 54.6305048], [21.558969, 54.6297405], [21.5571837, 54.6290828], [21.5556264, 54.6284253], [21.5542644, 54.627885], [21.5538956, 54.6277144], [21.5535751, 54.6275376], [21.5533029, 54.6273545], [21.5530629, 54.6271653], [21.5527535, 54.6268036], [21.5519618, 54.6261109], [21.5512526, 54.6256639], [21.5507325, 54.6255032], [21.5501631, 54.6254281], [21.5495063, 54.625382], [21.5488125, 54.6254002], [21.5480421, 54.6254689], [21.5472963, 54.6255948], [21.5468037, 54.6257336], [21.5465625, 54.625807], [21.5463274, 54.6258912], [21.545513, 54.6262771], [21.544562, 54.6267637], [21.5436205, 54.6272828], [21.5428637, 54.627609], [21.5420762, 54.6278817], [21.5410893, 54.6281921], [21.5400531, 54.6285025], [21.5396887, 54.6286413], [21.5393739, 54.6287882], [21.5391015, 54.6289576], [21.5390291, 54.6290465], [21.5389778, 54.6291333], [21.5389777, 54.6292282], [21.5390413, 54.6293622], [21.5392747, 54.6295972], [21.5400803, 54.6303754], [21.5407462, 54.6311606], [21.5408814, 54.6313461], [21.5409747, 54.6315768], [21.5409798, 54.6318017], [21.5409445, 54.6319303], [21.5408845, 54.6320517], [21.540774, 54.6321659], [21.5406389, 54.632248], [21.5400838, 54.6324846], [21.5397909, 54.6325966], [21.5392423, 54.6327285], [21.5388047, 54.6327889], [21.5372624, 54.6329182], [21.5345092, 54.6331188], [21.5315113, 54.633202], [21.5306055, 54.6332465], [21.5303036, 54.6332598], [21.5300016, 54.6332982], [21.5297152, 54.6333681], [21.5294241, 54.6333959], [21.5291939, 54.6333456], [21.5289328, 54.633331], [21.5285281, 54.633371], [21.5281686, 54.6334132], [21.5278276, 54.6334805], [21.5257767, 54.6342769], [21.5251991, 54.6344245], [21.5248691, 54.6344635], [21.5245529, 54.6344692], [21.5242367, 54.6344607], [21.523629, 54.6344107], [21.5228677, 54.6343803], [21.5213376, 54.6343309], [21.520927, 54.634306], [21.5205165, 54.634273], [21.5201131, 54.6342082], [21.5197096, 54.6341189], [21.5169597, 54.6332507], [21.5140158, 54.6324031], [21.5136962, 54.6323198], [21.5133487, 54.6322635], [21.5129804, 54.6322542], [21.5126121, 54.6322882], [21.5080167, 54.6329909], [21.507464, 54.6331219], [21.5063381, 54.633507], [21.5058208, 54.6336445], [21.5055835, 54.6336799], [21.5053463, 54.6336964], [21.5050305, 54.6336823], [21.5046736, 54.6336293], [21.5043533, 54.6335363], [21.5039993, 54.6333961], [21.5037592, 54.6332323], [21.5032482, 54.6323689], [21.5028369, 54.6313716], [21.5023952, 54.630852], [21.5021379, 54.6306032], [21.5018002, 54.6304025], [21.5016231, 54.6303473], [21.5014352, 54.6303045], [21.5010434, 54.6302686], [21.5006156, 54.6303046], [21.5001948, 54.6303714], [21.4999125, 54.6304351], [21.4996657, 54.6305153], [21.4992546, 54.6309068], [21.4991648, 54.6309923], [21.4986884, 54.6315243], [21.4976941, 54.6328063], [21.4968975, 54.6344969], [21.4965427, 54.6349211], [21.4958818, 54.6352806], [21.4947295, 54.6356538], [21.4940321, 54.6357594], [21.4935307, 54.6358982], [21.49297, 54.6363245], [21.4925993, 54.6368213], [21.4925144, 54.6375626], [21.4927876, 54.6382369], [21.4933097, 54.6387657], [21.4932797, 54.6391071], [21.4930129, 54.6393235], [21.4925993, 54.6394529], [21.4914787, 54.6397147], [21.4900414, 54.6396419], [21.4893466, 54.6394817], [21.4885604, 54.6391745], [21.4884102, 54.6387461], [21.4876709, 54.6384156], [21.4865545, 54.6381082], [21.4851594, 54.6380631], [21.4838397, 54.6381066], [21.4826703, 54.6381438], [21.4818553, 54.6379903], [21.4809644, 54.6377775], [21.4799881, 54.6373428], [21.4792585, 54.6369951], [21.47836, 54.6367301], [21.4776599, 54.6366846], [21.4770035, 54.6368268], [21.4737713, 54.6385281], [21.4736622, 54.6386407], [21.4735206, 54.6390494], [21.4734986, 54.6392797], [21.4735303, 54.6394195], [21.4736352, 54.6395593], [21.473773, 54.6396497], [21.4739515, 54.63974], [21.474593, 54.6399724], [21.4748081, 54.6400698], [21.4749906, 54.6401813], [21.4751264, 54.6403704], [21.4751971, 54.640569], [21.475269, 54.6408896], [21.4752195, 54.6411134], [21.4750399, 54.6413867], [21.4748244, 54.641543], [21.4745601, 54.6416522], [21.4740944, 54.6417148], [21.4738656, 54.6417319], [21.4736531, 54.6417303], [21.4715195, 54.6417686], [21.4705647, 54.641867], [21.4701321, 54.6419373], [21.4697157, 54.6420053], [21.469052, 54.6420663], [21.4688291, 54.6420657], [21.4686185, 54.6420486], [21.4684526, 54.6420174], [21.468307, 54.6419791], [21.4665531, 54.6408374], [21.4659418, 54.6405179], [21.4656443, 54.6403864], [21.465355, 54.6402925], [21.4639297, 54.6406166], [21.4574693, 54.6424649], [21.456371, 54.6427341], [21.4558785, 54.6428216], [21.4555134, 54.6428825], [21.4532777, 54.6431274], [21.4526449, 54.6432391], [21.4520474, 54.6433754], [21.4509446, 54.6436644], [21.4503921, 54.6438936], [21.449929, 54.6441275], [21.4495351, 54.6443661], [21.4492143, 54.6446094], [21.4489216, 54.6448716], [21.4487022, 54.6451338], [21.4485518, 54.6454007], [21.4484746, 54.6456723], [21.448247, 54.6465533], [21.4480234, 54.6472978], [21.4479428, 54.6474177], [21.4478296, 54.6475282], [21.4475788, 54.6477163], [21.4472156, 54.647989], [21.446367, 54.6485626], [21.4460359, 54.6487058], [21.4456995, 54.6488335], [21.445355, 54.6489534], [21.4451693, 54.6490072], [21.4449729, 54.649033], [21.4420024, 54.6489754], [21.4406747, 54.6487258], [21.4379863, 54.648745], [21.4365691, 54.6485395], [21.4360193, 54.6483935], [21.4355255, 54.6482259], [21.4350553, 54.6480111], [21.4346832, 54.6478287], [21.4343764, 54.6476761], [21.4341631, 54.6475126], [21.4330805, 54.6465802], [21.432151, 54.6461577], [21.4308102, 54.646169], [21.4302352, 54.6465492], [21.4298362, 54.6470788], [21.4290768, 54.6473411], [21.4274832, 54.6473571], [21.4268194, 54.6476644], [21.4268858, 54.6480677], [21.4273173, 54.6483846], [21.4269024, 54.648759], [21.4256412, 54.6489031], [21.423965, 54.6493928], [21.4220088, 54.649576], [21.4210608, 54.6499017], [21.4186379, 54.6514955], [21.4180737, 54.6521964], [21.41814, 54.6527436], [21.4167626, 54.6543086], [21.4166377, 54.6549145], [21.4166585, 54.6552299], [21.4167058, 54.6554188], [21.4168271, 54.6555792], [21.4169975, 54.6557803], [21.417169, 54.6558737], [21.4173404, 54.655903], [21.4175993, 54.6559111], [21.4178458, 54.6559762], [21.4184745, 54.6562099], [21.4188108, 54.6563955], [21.4190178, 54.6565918], [21.4190826, 54.6567227], [21.4190919, 54.6568571], [21.4190581, 54.6570441], [21.4189257, 54.657199], [21.4186376, 54.6573836], [21.4184812, 54.6574635], [21.4183187, 54.6574934], [21.4168163, 54.6577879], [21.4164918, 54.6578719], [21.4150992, 54.6584039], [21.4149175, 54.6585294], [21.4147643, 54.6586573], [21.4145676, 54.6588896], [21.4145378, 54.6589597], [21.4145203, 54.6590298], [21.4145095, 54.6591699], [21.4145509, 54.659269], [21.4146431, 54.6593645], [21.4148336, 54.6595332], [21.4154317, 54.6599738], [21.4156001, 54.6600462], [21.4157888, 54.6601046], [21.4162882, 54.6602049], [21.4163811, 54.6602555], [21.4164375, 54.6603179], [21.4164701, 54.6604023], [21.4164742, 54.6604866], [21.4164319, 54.6606495], [21.4163211, 54.6608052], [21.4161421, 54.6609462], [21.4159347, 54.6610624], [21.4156962, 54.6611633], [21.4154496, 54.6612431], [21.4151363, 54.661328], [21.4148148, 54.6613894], [21.4146511, 54.6614098], [21.4144874, 54.6614172], [21.4143355, 54.6614109], [21.4141795, 54.6613939], [21.4139001, 54.6613366], [21.4132755, 54.6611561], [21.4129614, 54.6610532], [21.4127022, 54.6609314], [21.4125585, 54.6608521], [21.4124128, 54.660774], [21.4121397, 54.6606096], [21.410528, 54.6597189], [21.4097009, 54.6592442], [21.4083608, 54.6586305], [21.4081567, 54.6585594], [21.4079388, 54.6584999], [21.4049379, 54.6577218], [21.4020097, 54.6566672], [21.4014519, 54.6563947], [21.4009221, 54.6561087], [21.4005991, 54.6558608], [21.4000045, 54.6552292], [21.3998235, 54.6551031], [21.3996275, 54.6549997], [21.3987696, 54.6547048], [21.3984646, 54.6546531], [21.3981595, 54.6546149], [21.3948254, 54.6542459], [21.3944366, 54.6542215], [21.3942153, 54.6542245], [21.3932467, 54.6543316], [21.3927713, 54.6543721], [21.3923236, 54.6543734], [21.3890192, 54.6543829], [21.3888192, 54.6544154], [21.3886253, 54.6544658], [21.3848461, 54.6559528], [21.3824563, 54.6564328], [21.3786228, 54.6569032], [21.3738101, 54.6578536], [21.3710252, 54.6586755], [21.3705542, 54.6587714], [21.3700873, 54.6587779], [21.3696713, 54.6587704], [21.3694328, 54.6587336], [21.369243, 54.6586546], [21.3681, 54.6578075], [21.3665795, 54.6570969], [21.3652546, 54.6563156], [21.3648967, 54.6560727], [21.3646122, 54.6558298], [21.3641268, 54.6550221], [21.3636863, 54.6540611], [21.3636009, 54.6537964], [21.3635989, 54.6536594], [21.3636377, 54.653527], [21.3638661, 54.6531579], [21.3643112, 54.6525856], [21.3647244, 54.6518668], [21.3647212, 54.6517593], [21.3646365, 54.6516564], [21.3645437, 54.6515748], [21.3644101, 54.6515167], [21.3631794, 54.6511716], [21.3622381, 54.6509447], [21.3613653, 54.6507887], [21.3595424, 54.6504101], [21.3576293, 54.6497859], [21.356275, 54.6494777], [21.3555572, 54.6492884], [21.3550023, 54.6491074], [21.3545507, 54.6488826], [21.354131, 54.6486455], [21.3533902, 54.6482055], [21.3532774, 54.6481385], [21.3527155, 54.647697]]}, "properties": {"name": "Преголя", "osm_way_id": 143600533, "source": "OpenStreetMap contributors, ODbL 1.0; https://overpass-api.de/api/interpreter"}}, {"type": "Feature", "geometry": {"type": "LineString", "coordinates": [[20.4895324, 54.7056616], [20.4860967, 54.7044745], [20.4844948, 54.704134], [20.4830037, 54.7039657], [20.480441, 54.7040277], [20.4742926, 54.7045837], [20.467519, 54.7059481], [20.463597, 54.7060075], [20.4602135, 54.7056359], [20.4562563, 54.7044369], [20.4524826, 54.702611], [20.4451519, 54.6996001], [20.4360281, 54.6949887], [20.4319775, 54.6934301], [20.4246628, 54.6924673], [20.4217504, 54.6927434], [20.4094135, 54.6921845], [20.403689, 54.691823], [20.394828, 54.69108], [20.3813588, 54.6898623], [20.3735683, 54.6891198]]}, "properties": {"name": "Преголя", "osm_way_id": 143600535, "source": "OpenStreetMap contributors, ODbL 1.0; https://overpass-api.de/api/interpreter"}}, {"type": "Feature", "geometry": {"type": "LineString", "coordinates": [[21.3527155, 54.647697], [21.3527297, 54.6468344], [21.352701, 54.6467503], [21.3525333, 54.6462584], [21.3517211, 54.6457577], [21.3506664, 54.6450469], [21.350454, 54.6449537], [21.3502293, 54.6448749], [21.3496199, 54.6447142], [21.3481792, 54.644319], [21.3471664, 54.6438771], [21.3470168, 54.6437761], [21.3468859, 54.6436724], [21.3463996, 54.6430759], [21.3459738, 54.6425957], [21.3458051, 54.6424072], [21.3455896, 54.6422323], [21.3453261, 54.642117], [21.345044, 54.6420206], [21.3440849, 54.6418473], [21.3438217, 54.6417627], [21.3435913, 54.6416781], [21.3432288, 54.6415035], [21.3420459, 54.640795], [21.340875, 54.6402408], [21.3399185, 54.6398179], [21.3383991, 54.6392451], [21.3369321, 54.6387305], [21.3352528, 54.638289], [21.3350478, 54.6381957], [21.3348825, 54.638116], [21.3346386, 54.637928], [21.3344939, 54.6378088], [21.3337063, 54.6373709], [21.3332601, 54.6371879], [21.3316722, 54.6366353], [21.3298162, 54.6362192], [21.3280043, 54.6358573], [21.3264258, 54.6355487], [21.3256376, 54.635358], [21.3250109, 54.635143], [21.324875, 54.6350517], [21.3247835, 54.6349699], [21.3246613, 54.6348266], [21.3243015, 54.6343874]]}, "properties": {"name": "Преголя", "osm_way_id": 143600538, "source": "OpenStreetMap contributors, ODbL 1.0; https://overpass-api.de/api/interpreter"}}, {"type": "Feature", "geometry": {"type": "LineString", "coordinates": [[21.2145056, 54.6289336], [21.2127977, 54.6292551], [21.2108695, 54.6295815], [21.2082377, 54.6296484], [21.2059057, 54.6298291], [21.2040151, 54.6298268], [21.2024336, 54.6298692], [21.2003155, 54.6297467], [21.1983469, 54.6296374], [21.197681, 54.6295436], [21.1973063, 54.6294438], [21.1969931, 54.6293431], [21.1967298, 54.6292632], [21.1964023, 54.6291306], [21.1960159, 54.6289576], [21.1956997, 54.6287503], [21.1953964, 54.6284854], [21.195234, 54.6282996], [21.1951494, 54.6281081], [21.1950653, 54.6279201], [21.1950551, 54.6277315], [21.1950588, 54.6275606], [21.1951072, 54.6273919], [21.1951592, 54.6272555], [21.1951879, 54.6271159], [21.1952431, 54.6269676], [21.1952863, 54.6268572], [21.1953212, 54.6266906], [21.1953174, 54.6265518], [21.1954401, 54.6261868], [21.1955009, 54.625902], [21.1955382, 54.6256972], [21.1955498, 54.6255163], [21.1955427, 54.6252814], [21.1954736, 54.6248342], [21.1953028, 54.6246191], [21.1951188, 54.6243686], [21.1949258, 54.6242316], [21.1947568, 54.6241083], [21.1944622, 54.6239471], [21.194073, 54.6238366], [21.1931863, 54.6236657], [21.1924443, 54.6235506], [21.1921328, 54.6235019], [21.1913354, 54.6234978], [21.1903918, 54.6235059], [21.1897243, 54.6235199], [21.1886311, 54.6235114], [21.1874962, 54.6235426], [21.1865418, 54.6235798], [21.1854919, 54.6236526], [21.1845034, 54.6237249], [21.1833266, 54.6238357], [21.1829798, 54.6238794], [21.182605, 54.623922], [21.1821434, 54.6240019], [21.1816107, 54.6241296], [21.1810473, 54.6243182], [21.1807199, 54.6245392], [21.1804149, 54.6248078], [21.1802689, 54.6248975], [21.1802314, 54.6249975], [21.1801665, 54.625123], [21.1801116, 54.6252666], [21.1800039, 54.6254765], [21.1799662, 54.625675], [21.1799734, 54.6258108], [21.1799845, 54.6259592], [21.1800078, 54.6262057], [21.1800385, 54.6266414], [21.1800013, 54.6268611], [21.1801068, 54.6275887], [21.1801874, 54.6281786], [21.1801946, 54.6284599], [21.1801318, 54.6286221], [21.1800502, 54.6288138], [21.1799383, 54.629006], [21.1796782, 54.6291186], [21.1794515, 54.6291724], [21.1789679, 54.6293408], [21.1787581, 54.6294666], [21.1783628, 54.629559], [21.1781335, 54.6295576], [21.1777995, 54.6295731], [21.1774547, 54.6296024], [21.1772202, 54.6296889], [21.176877, 54.6297275], [21.1765623, 54.6297752], [21.176129, 54.629856], [21.1753947, 54.6300185], [21.1747626, 54.6301421], [21.174371, 54.6302246], [21.1738921, 54.6303151], [21.1734546, 54.6303683], [21.1730468, 54.630373], [21.1725586, 54.6302698], [21.1720275, 54.6301472], [21.1715568, 54.6300606], [21.170787, 54.6299496], [21.1700171, 54.6298873], [21.1694995, 54.6298412], [21.1689026, 54.6297465], [21.1682657, 54.6296247], [21.1676054, 54.6294549], [21.1669443, 54.6292521], [21.1663556, 54.6289849], [21.1659374, 54.6287429], [21.1656694, 54.628591], [21.165283, 54.6283292], [21.1649361, 54.6280348], [21.1646127, 54.6277848], [21.1644542, 54.6276645], [21.164232, 54.6274502], [21.1639121, 54.6269896], [21.163574, 54.6265627], [21.1633172, 54.6263049], [21.1630346, 54.6260081], [21.1627913, 54.6258881], [21.1625002, 54.6257065], [21.1621448, 54.6255243], [21.1617864, 54.6253885], [21.1614156, 54.625337], [21.1610283, 54.6253603], [21.16059, 54.6254398], [21.1602908, 54.6255446], [21.1597713, 54.6257345], [21.1592625, 54.6259177], [21.1589148, 54.6260377], [21.1585975, 54.6261535], [21.1578216, 54.6264809], [21.1570516, 54.6268611], [21.1564208, 54.6271716], [21.1554772, 54.6276176], [21.1552029, 54.6278162], [21.1548956, 54.6280252], [21.1546224, 54.6282331], [21.1541418, 54.6286138], [21.1535321, 54.6292312], [21.1531772, 54.6296203], [21.1529879, 54.6298374], [21.1528139, 54.6301421], [21.1527421, 54.6304632], [21.1527184, 54.630835], [21.1527421, 54.6310164], [21.1528331, 54.631203], [21.1529467, 54.6313536], [21.1531422, 54.6315781], [21.1533746, 54.6317819], [21.1537172, 54.6320339], [21.154484, 54.6325375], [21.1551493, 54.6330908], [21.1556722, 54.6335], [21.1566698, 54.6343723], [21.1569031, 54.6347206], [21.157061, 54.6351181], [21.1570943, 54.635376], [21.157024, 54.6356123], [21.1567484, 54.6358352], [21.156364, 54.6360606], [21.1556784, 54.6363455], [21.155194, 54.6365374], [21.1546734, 54.6366709], [21.1539687, 54.6368152], [21.1535312, 54.6368689], [21.1531299, 54.6368801], [21.1522645, 54.6368599], [21.1518854, 54.6368645], [21.1513324, 54.6368327], [21.1508142, 54.6367825], [21.1497383, 54.6366292], [21.1492275, 54.6365794], [21.1485572, 54.6365118], [21.1473648, 54.6363892], [21.1465045, 54.636298], [21.1455585, 54.6361917], [21.1449997, 54.6361115], [21.1445301, 54.6360385], [21.1442857, 54.6359938], [21.1439176, 54.6359183], [21.1431435, 54.6357252], [21.1421607, 54.635526], [21.1415759, 54.6354163], [21.1411416, 54.6353143], [21.1404954, 54.6351462], [21.1397004, 54.6349188], [21.1391797, 54.6347151], [21.1386551, 54.6344651], [21.1384243, 54.634346], [21.1380657, 54.63416], [21.1378537, 54.6340274], [21.1375723, 54.6338273], [21.1372839, 54.6336675], [21.1368785, 54.6333584], [21.1366767, 54.6332124], [21.136499, 54.6330592], [21.1361033, 54.6327554], [21.1356997, 54.6324467], [21.1353165, 54.6321323], [21.1350679, 54.6319461], [21.1348919, 54.6317886], [21.1345632, 54.6315861], [21.1337547, 54.6309678], [21.1334278, 54.6307633], [21.1330634, 54.6306282], [21.1327813, 54.6305525], [21.1323887, 54.6305267], [21.1320094, 54.6305356], [21.1316021, 54.6305719], [21.1311524, 54.6306326], [21.1306205, 54.6307533], [21.1299152, 54.6308829], [21.1293361, 54.6309384], [21.128548, 54.6310545], [21.1282392, 54.6311043], [21.1272325, 54.6312662], [21.1266452, 54.6313611], [21.1259288, 54.6314429], [21.1253024, 54.6315117], [21.1247272, 54.6315981], [21.124526, 54.6316482], [21.1240566, 54.6317337], [21.1234154, 54.6319004], [21.1228792, 54.6320654], [21.1222663, 54.6321534], [21.1215113, 54.6323198], [21.1208129, 54.6324582], [21.1199092, 54.632648], [21.1193149, 54.6327746], [21.1186657, 54.6329532], [21.1182341, 54.6330731], [21.1173951, 54.6333391], [21.1165884, 54.6336106], [21.1161182, 54.6337795], [21.1157083, 54.6339556], [21.1153834, 54.6340758], [21.1150738, 54.6341948], [21.1147404, 54.634324], [21.1144288, 54.634439], [21.1137002, 54.6347227], [21.1129741, 54.6349855], [21.1123793, 54.6352001], [21.111837, 54.6354302], [21.1113212, 54.6356519], [21.1106557, 54.6359368], [21.1099791, 54.6361781], [21.109317, 54.6363765], [21.1087364, 54.6365094], [21.1083566, 54.6365871], [21.1078459, 54.636649], [21.1071055, 54.6366935], [21.1062828, 54.6366629], [21.1055156, 54.6366046], [21.1047393, 54.6365257], [21.104272, 54.6364618], [21.1036086, 54.6363551], [21.1029124, 54.6362272], [21.1024662, 54.636101], [21.1017709, 54.6359288], [21.1011375, 54.6357476], [21.1007718, 54.6356774], [21.1003628, 54.6356043], [21.0999305, 54.6355742], [21.09954, 54.6355686], [21.0991127, 54.6355754], [21.0984914, 54.6356574], [21.0980304, 54.6357411], [21.0975591, 54.6358932], [21.0970459, 54.636231], [21.0969011, 54.6364102], [21.096748, 54.6366633], [21.0966655, 54.6369234], [21.0966672, 54.6371766], [21.0967535, 54.6375543], [21.0968386, 54.6377603], [21.0969851, 54.6379544], [21.0971683, 54.6382105], [21.0973801, 54.6384404], [21.0976817, 54.6387477], [21.0982286, 54.6390703], [21.0989441, 54.6394714], [21.0993217, 54.6397012], [21.099649, 54.6400122], [21.0998075, 54.6404099], [21.0997967, 54.6406452], [21.0997004, 54.6410148], [21.0996234, 54.641259], [21.0994955, 54.6414801], [21.0993134, 54.6417015], [21.099098, 54.6418992], [21.0987802, 54.6420866], [21.0983991, 54.6422235], [21.0979798, 54.6423276], [21.0975455, 54.6423996], [21.0964964, 54.6424907], [21.0957051, 54.642499], [21.0942778, 54.642455], [21.0932431, 54.6423623], [21.0923357, 54.6422041], [21.0912008, 54.6419556], [21.0900168, 54.6415865]]}, "properties": {"name": "Преголя", "osm_way_id": 143600541, "source": "OpenStreetMap contributors, ODbL 1.0; https://overpass-api.de/api/interpreter"}}, {"type": "Feature", "geometry": {"type": "LineString", "coordinates": [[21.2520823, 54.6175311], [21.2519549, 54.6172004], [21.2519576, 54.6170183], [21.2520243, 54.6168388], [21.2521506, 54.616731], [21.2523359, 54.6166467], [21.2526206, 54.6165858], [21.2529406, 54.6165372], [21.2544009, 54.6163494], [21.2549459, 54.6162162], [21.2551034, 54.6161557], [21.2552538, 54.6160748], [21.255356, 54.6159551], [21.2553804, 54.6158293], [21.2554047, 54.6157056], [21.2553866, 54.6155778], [21.2552752, 54.6154036], [21.2551213, 54.6152295], [21.2544309, 54.6146892], [21.253222, 54.614035], [21.2524599, 54.6139265], [21.2496944, 54.6141138], [21.2478868, 54.6142449], [21.2458269, 54.6143202], [21.244328, 54.6142502], [21.2435751, 54.6142234], [21.2428221, 54.6142376], [21.2424985, 54.6142976], [21.2421962, 54.6143904], [21.2416553, 54.6145882], [21.2412683, 54.6147613], [21.2409167, 54.6149467], [21.2407258, 54.6150871], [21.2405632, 54.6152275], [21.2404289, 54.61537], [21.2403654, 54.6155206], [21.2404011, 54.6158813], [21.2405344, 54.6160718], [21.2406703, 54.616172], [21.2408805, 54.6162517], [21.2420014, 54.616465], [21.2436013, 54.6169222], [21.2441694, 54.6169759], [21.2453711, 54.6174729], [21.2456041, 54.6178369], [21.2454324, 54.6182344], [21.2448622, 54.6190242], [21.2444146, 54.6196366], [21.2439393, 54.6199364], [21.2428878, 54.6200641], [21.240831, 54.6199062], [21.2385937, 54.6198229], [21.2378309, 54.6198709], [21.2368615, 54.6202329], [21.2353414, 54.6206163], [21.234345, 54.6206642], [21.2328857, 54.6205186], [21.2310956, 54.6204387], [21.2295506, 54.6203393], [21.2281068, 54.6204317], [21.2264879, 54.6209474], [21.225961, 54.6215592], [21.2251677, 54.6221821], [21.2247274, 54.6224539], [21.2242502, 54.6227185], [21.2237464, 54.6229263], [21.2232019, 54.6231058], [21.2227116, 54.6232073], [21.2221969, 54.6232759], [21.2216943, 54.6233328], [21.2211837, 54.6233566], [21.218893, 54.6233777], [21.2175111, 54.6233545], [21.2155156, 54.6233349], [21.213668, 54.6236158], [21.213183, 54.6239723], [21.2128102, 54.6244164], [21.2129123, 54.6249649], [21.2134812, 54.6256813], [21.2144042, 54.6265937], [21.2155113, 54.6274117], [21.2156, 54.6280751], [21.2145056, 54.6289336]]}, "properties": {"name": "Преголя", "osm_way_id": 143600542, "source": "OpenStreetMap contributors, ODbL 1.0; https://overpass-api.de/api/interpreter"}}, {"type": "Feature", "geometry": {"type": "LineString", "coordinates": [[21.3243015, 54.6343874], [21.3235934, 54.6336423], [21.3220484, 54.6323691], [21.3201817, 54.631121], [21.319146, 54.6301476], [21.3187615, 54.6299231], [21.3179303, 54.6295383], [21.3176429, 54.6294601], [21.3173509, 54.6294279], [21.3168557, 54.6294151], [21.316283, 54.629414], [21.3157056, 54.6294427], [21.3149674, 54.6295746], [21.3135298, 54.6298851], [21.3132694, 54.6299261], [21.3130091, 54.629922], [21.3127381, 54.6299014], [21.3125167, 54.6298439], [21.3123065, 54.6297174], [21.3121672, 54.6295745], [21.311341, 54.6287796], [21.310236, 54.6278977], [21.3094819, 54.627505], [21.308057, 54.6269093], [21.3075008, 54.6266172], [21.307129, 54.626457], [21.3069574, 54.6264017], [21.3067613, 54.6263746], [21.3065429, 54.6263728], [21.3047751, 54.6263884], [21.3042429, 54.6263545], [21.3037389, 54.6262934], [21.3033825, 54.6262306], [21.3030262, 54.6261462], [21.3021493, 54.6258908], [21.3013098, 54.6255812], [21.300684, 54.625276], [21.3003641, 54.625137], [21.3000067, 54.6250142], [21.2987891, 54.6247431], [21.2978153, 54.6245665], [21.297401, 54.6244552], [21.296996, 54.6243114], [21.2968605, 54.6242074], [21.2967998, 54.6240763], [21.2968164, 54.6239062], [21.2969056, 54.6237673], [21.2970089, 54.6236311], [21.2972529, 54.6234011], [21.2975157, 54.6231765], [21.2978252, 54.6229655], [21.298191, 54.6227653], [21.2987183, 54.6225092], [21.2993487, 54.6222585], [21.299642, 54.6220514], [21.2998796, 54.62181], [21.2998932, 54.6216979], [21.2998788, 54.6215859], [21.2998476, 54.6214648], [21.2997931, 54.6213613], [21.2997011, 54.6212713], [21.2994415, 54.621178], [21.2992171, 54.6210941], [21.2987776, 54.6209535], [21.2969537, 54.620674], [21.2946685, 54.6206553], [21.2934668, 54.6207609], [21.2932123, 54.6208234], [21.2929859, 54.620913], [21.2927969, 54.6210107], [21.2926407, 54.6211274], [21.2916536, 54.6218666], [21.2909562, 54.6225934], [21.2906376, 54.62284], [21.2904385, 54.6229457], [21.290216, 54.6230405], [21.2899654, 54.6231019], [21.2897148, 54.6231443], [21.2886517, 54.6232404], [21.2883223, 54.62324], [21.2879975, 54.6232098], [21.2875773, 54.6231237], [21.2868024, 54.6228891], [21.2858877, 54.6225891], [21.2856169, 54.6224526], [21.2855514, 54.6223912], [21.2855047, 54.6223299], [21.2853416, 54.6217477], [21.2853476, 54.6215658], [21.2854239, 54.6213869], [21.2858379, 54.6208197], [21.285836, 54.6206773], [21.2857311, 54.6205431], [21.2856051, 54.6204725], [21.2854417, 54.6204317], [21.2838967, 54.6204317], [21.2834322, 54.620464], [21.2829818, 54.6205314], [21.2826109, 54.6206328], [21.2822634, 54.6207423], [21.2819896, 54.6208723], [21.2816943, 54.6210583], [21.2815535, 54.6211899], [21.2814397, 54.6213245], [21.2811501, 54.6221865], [21.2807102, 54.622581], [21.2805768, 54.6226388], [21.2804165, 54.6226594], [21.2802429, 54.6226707], [21.2801198, 54.6226608], [21.2800021, 54.6226198], [21.2798318, 54.6225136], [21.2789185, 54.6216306], [21.2784679, 54.6209224], [21.2781997, 54.6198601], [21.2775131, 54.6192079], [21.2765153, 54.6190402], [21.2747987, 54.6194378], [21.2735863, 54.6197173], [21.2725456, 54.6202018], [21.2716926, 54.6206507], [21.271057, 54.6209333], [21.2708277, 54.6209923], [21.2705983, 54.621011], [21.2703503, 54.6210048], [21.2700968, 54.6209582], [21.269665, 54.6208697], [21.2688442, 54.620674], [21.2680558, 54.6204773], [21.2672348, 54.6203323], [21.2668175, 54.6202874], [21.2663839, 54.6202567], [21.265533, 54.6202611], [21.2652133, 54.6202626], [21.2648935, 54.6202829], [21.2645881, 54.620322], [21.2642826, 54.6203752], [21.2629811, 54.6206981], [21.2626937, 54.6207507], [21.2624063, 54.620761], [21.2620783, 54.6207382], [21.2617503, 54.6206732], [21.2599071, 54.6201263], [21.2583004, 54.6193919], [21.2573275, 54.6191552], [21.2555585, 54.6193273], [21.2546573, 54.6192208], [21.2538743, 54.6189891], [21.2526634, 54.618163], [21.2520823, 54.6175311]]}, "properties": {"name": "Преголя", "osm_way_id": 143600543, "source": "OpenStreetMap contributors, ODbL 1.0; https://overpass-api.de/api/interpreter"}}, {"type": "Feature", "geometry": {"type": "LineString", "coordinates": [[20.719747, 54.6647162], [20.7187517, 54.6647309], [20.7169029, 54.6648549], [20.7164742, 54.6649788], [20.7152953, 54.6657382], [20.7142504, 54.6665594], [20.7130178, 54.6671483], [20.710526, 54.6678766], [20.7086511, 54.6681969], [20.7069892, 54.6684809], [20.7040151, 54.6691162], [20.6994333, 54.6715798], [20.6974238, 54.6726488], [20.6956554, 54.673377], [20.6930564, 54.6741982], [20.6908861, 54.6753601], [20.6892912, 54.6768327], [20.6874297, 54.6785514], [20.6836249, 54.6826564], [20.6758011, 54.6876593], [20.6696653, 54.689843], [20.663851, 54.6923828], [20.6570828, 54.6960558], [20.6557164, 54.6965994], [20.6543928, 54.6970439], [20.6530424, 54.697417], [20.6516598, 54.6976599], [20.6508774, 54.6977081], [20.6501594, 54.6976322], [20.6333596, 54.6942565], [20.6244104, 54.6928783], [20.6220794, 54.6921659], [20.6179799, 54.6899049], [20.6166402, 54.6892235], [20.6130766, 54.6888983], [20.6060566, 54.690354], [20.6035206, 54.6904289], [20.5964644, 54.6898739], [20.5921238, 54.6894403], [20.5904158, 54.6888543], [20.5862559, 54.6874269], [20.5833086, 54.6866061], [20.572859, 54.6852276], [20.5682236, 54.6852431], [20.5589529, 54.6868384], [20.5484229, 54.6895797], [20.5458239, 54.6910509], [20.545602, 54.6913963], [20.544779, 54.692677], [20.5446566, 54.6930458], [20.5424479, 54.6943649], [20.5410072, 54.6949057], [20.5388119, 54.6953774], [20.5335255, 54.6958515], [20.5304313, 54.6960395], [20.529071, 54.6961638], [20.5278452, 54.6964089], [20.5253395, 54.6970822], [20.5231027, 54.6979109], [20.5200482, 54.6987934], [20.5162435, 54.6997224], [20.5152495, 54.7001933], [20.5147113, 54.700457], [20.5142573, 54.7008437], [20.5141804, 54.7012862], [20.5148502, 54.703655], [20.514818, 54.7040301], [20.5145985, 54.7043197], [20.5138646, 54.7049531], [20.5055527, 54.7057449]]}, "properties": {"name": "Старая Преголя", "osm_way_id": 143600548, "source": "OpenStreetMap contributors, ODbL 1.0; https://overpass-api.de/api/interpreter"}}, {"type": "Feature", "geometry": {"type": "LineString", "coordinates": [[21.0698823, 54.645957], [21.0689719, 54.6459561], [21.0676383, 54.6457891], [21.0649715, 54.6454877], [21.0602115, 54.6449648], [21.0566574, 54.644652], [21.0538025, 54.644303], [21.0523862, 54.6435893], [21.051071, 54.6424355]]}, "properties": {"name": "Преголя", "osm_way_id": 787268214, "source": "OpenStreetMap contributors, ODbL 1.0; https://overpass-api.de/api/interpreter"}}, {"type": "Feature", "geometry": {"type": "LineString", "coordinates": [[20.5124754, 54.7072131], [20.5121881, 54.7072492], [20.5118394, 54.7073142], [20.5115545, 54.7073859], [20.5111849, 54.7075002], [20.5099726, 54.7079403], [20.5095863, 54.708055], [20.5093181, 54.7081263], [20.5085365, 54.7082971], [20.5079824, 54.7084083], [20.5076498, 54.7084579], [20.5073959, 54.7084577], [20.5071734, 54.7084242], [20.5068505, 54.7082936], [20.5066669, 54.7081832], [20.5065018, 54.7080147], [20.5063635, 54.7077582], [20.5059731, 54.7071805], [20.5057709, 54.7066105], [20.5055527, 54.7057449]]}, "properties": {"name": "Новая Преголя", "osm_way_id": 844235267, "source": "OpenStreetMap contributors, ODbL 1.0; https://overpass-api.de/api/interpreter"}}]}